서울시 전체,116984 ,132986 ,99721 ,120854 ,135148 ,106287 ,122330 ,140868 ,104182 
종로구,183435 ,217272 ,152261 ,175410 ,214855 ,142856 ,165901 ,198296 ,136242 
청운효자동,116275 ,137481 ,73863 ,140431 ,165848 ,95374 ,141792 ,162329 ,93692 
사직동,144271 ,177492 ,124438 ,123849 ,177228 ,105939 ,139286 ,196087 ,109826 
삼청동,217925 ,197561 ,279017 ,144577 ,171226 ,57970 ,164600 ,190705 ,101202 
부암동,84454 ,99955 ,67402 ,97942 ,107264 ,69977 ,91972 ,100727 ,83748 
평창동,80597 ,104008 ,62694 ,86219 ,86046 ,86429 ,85478 ,83877 ,87198 
무악동,,,,,,110482 ,,178853 ,
교남동,,175245 ,,185020 ,246999 ,114186 ,204374 ,208333 ,200830 
가회동,128907 ,134200 ,111263 ,149372 ,168159 ,108040 ,145273 ,162415 ,107237 
종로1.2.3.4가동,197742 ,271591 ,115139 ,195669 ,259583 ,130183 ,182121 ,237498 ,118528 
종로5.6가동,267288 ,256823 ,271035 ,244219 ,271717 ,233048 ,237920 ,235456 ,238996 
이화동,140800 ,171984 ,106906 ,141017 ,186631 ,82159 ,111163 ,145571 ,78302 
혜화동,144025 ,168065 ,99644 ,133861 ,156568 ,95007 ,120120 ,153779 ,81579 
창신1동,150015 ,213700 ,111804 ,153195 ,204978 ,116642 ,164536 ,198710 ,129709 
창신2동,65582 ,80859 ,42157 ,78774 ,91336 ,62389 ,81269 ,91197 ,69876 
창신3동,83491 ,97691 ,75603 ,,,94049 ,79201 ,88457 ,67961 
숭인1동,89192 ,133994 ,57831 ,89406 ,103351 ,75462 ,72795 ,94190 ,57950 
숭인2동,105563 ,128987 ,71806 ,83098 ,120490 ,57131 ,90457 ,119287 ,65491 
중구,214273 ,219231 ,211449 ,242109 ,245466 ,240567 ,230151 ,242787 ,223571 
소공동,127180 ,165063 ,108529 ,148413 ,237841 ,118886 ,141407 ,185538 ,124221 
회현동,312220 ,373569 ,273402 ,334934 ,380702 ,309730 ,328055 ,385567 ,291373 
명동,145377 ,191617 ,130844 ,164878 ,229724 ,141351 ,154989 ,234919 ,126280 
필동,90298 ,136662 ,69468 ,108463 ,160609 ,81017 ,117750 ,160806 ,90894 
장충동,76147 ,69092 ,82320 ,96931 ,109530 ,80455 ,102854 ,126051 ,80195 
광희동,162380 ,182133 ,149599 ,205134 ,219236 ,197649 ,192270 ,196507 ,189992 
을지로동,132485 ,187634 ,77336 ,126933 ,180007 ,84791 ,138041 ,185740 ,101748 
신당동,373967 ,288216 ,390557 ,383781 ,377840 ,384826 ,385017 ,338025 ,395550 
다산동,90328 ,123624 ,50021 ,100823 ,114196 ,90459 ,93904 ,114577 ,77321 
약수동,102442 ,149303 ,75664 ,124358 ,185654 ,65513 ,120300 ,186985 ,84311 
청구동,108251 ,113554 ,105024 ,74831 ,71725 ,75633 ,97823 ,105314 ,93645 
신당5동,108487 ,143454 ,78662 ,127688 ,116037 ,136485 ,95159 ,121291 ,72619 
동화동,85331 ,108339 ,66748 ,107937 ,126664 ,97637 ,88511 ,113770 ,74516 
황학동,137487 ,152311 ,96310 ,116414 ,130424 ,90455 ,140864 ,161232 ,111029 
중림동,118592 ,152902 ,73562 ,108977 ,135830 ,86420 ,126686 ,126278 ,127342 
용산구,113739 ,134626 ,93586 ,113361 ,133054 ,92311 ,120687 ,139914 ,98521 
후암동,93158 ,111138 ,51203 ,96904 ,114071 ,59860 ,85881 ,104994 ,60397 
용산2가동,88216 ,92842 ,63547 ,97672 ,110562 ,51969 ,100445 ,95232 ,116082 
남영동,86701 ,108323 ,58527 ,97202 ,116594 ,61400 ,99435 ,122851 ,67424 
청파동,85548 ,103724 ,60958 ,106408 ,143751 ,66867 ,106577 ,131455 ,66341 
원효로1동,81357 ,106763 ,54428 ,86236 ,101088 ,66929 ,93720 ,109998 ,72687 
원효로2동,79316 ,81935 ,77832 ,79910 ,91145 ,67143 ,101699 ,115312 ,89447 
효창동,86354 ,104362 ,63436 ,107029 ,138258 ,71339 ,154267 ,132602 ,175931 
용문동,,136015 ,,112134 ,119493 ,71663 ,111629 ,122521 ,89348 
한강로동,117510 ,148130 ,104575 ,109072 ,138682 ,96820 ,121312 ,141527 ,108175 
이촌1동,243200 ,300984 ,202410 ,167346 ,276639 ,96067 ,208054 ,276618 ,133775 
이촌2동,,,,,73394 ,,71952 ,70685 ,76386 
이태원1동,193764 ,230505 ,148321 ,176321 ,200018 ,144053 ,172655 ,198455 ,142163 
이태원2동,148413 ,191382 ,105444 ,126550 ,137777 ,112866 ,147116 ,174699 ,105052 
한남동,111230 ,122788 ,102510 ,123994 ,145118 ,104895 ,111590 ,134048 ,89594 
서빙고동,107058 ,131155 ,61875 ,77375 ,73081 ,85350 ,62689 ,66526 ,57509 
보광동,82423 ,95243 ,62483 ,91398 ,98935 ,76795 ,98081 ,120834 ,56369 
성동구,106527 ,122685 ,89189 ,98700 ,117770 ,80425 ,109351 ,127521 ,91543 
왕십리2동,80865 ,109410 ,52321 ,86250 ,109989 ,56384 ,106028 ,125886 ,85087 
왕십리도선동,122832 ,146234 ,97264 ,116712 ,132878 ,99835 ,106182 ,118471 ,92181 
마장동,112938 ,121371 ,98770 ,98021 ,117459 ,55906 ,109467 ,134532 ,66637 
사근동,141264 ,137744 ,147247 ,109998 ,139450 ,74235 ,143626 ,172290 ,101253 
행당1동,174981 ,173800 ,176377 ,148787 ,139883 ,157268 ,120895 ,132661 ,104062 
행당2동,117247 ,154958 ,88238 ,108733 ,167266 ,81905 ,105628 ,114068 ,100218 
응봉동,,127135 ,,80609 ,92137 ,71963 ,115799 ,143012 ,89946 
금호1가동,122505 ,163240 ,89917 ,89649 ,117966 ,66995 ,104240 ,107876 ,101109 
금호2.3가동,104632 ,120814 ,73348 ,118722 ,136080 ,80535 ,110092 ,133647 ,72315 
금호4가동,90457 ,102596 ,74271 ,97391 ,123297 ,73103 ,102816 ,116755 ,87017 
옥수동,120876 ,161951 ,81445 ,126698 ,157397 ,109477 ,139450 ,180605 ,113320 
성수1가1동,84046 ,96824 ,66669 ,90799 ,114907 ,67717 ,94636 ,106692 ,84729 
성수1가2동,101782 ,139305 ,64917 ,102709 ,124328 ,85812 ,112156 ,131013 ,92816 
성수2가1동,70577 ,83615 ,56503 ,67677 ,81475 ,49885 ,96440 ,113153 ,80470 
성수2가3동,106817 ,107947 ,106144 ,94165 ,113871 ,83302 ,113514 ,118568 ,110490 
송정동,75278 ,86274 ,49619 ,78516 ,92046 ,54356 ,82635 ,91740 ,73530 
용답동,90116 ,126667 ,48997 ,78561 ,107836 ,54164 ,86936 ,123897 ,58957 
광진구,95331 ,112690 ,71668 ,101953 ,121978 ,75504 ,98927 ,119912 ,70922 
화양동,126628 ,159344 ,82812 ,133492 ,165353 ,86557 ,132484 ,165538 ,89485 
군자동,83494 ,101852 ,50974 ,94472 ,110347 ,64657 ,92775 ,110668 ,54338 
중곡1동,70130 ,75879 ,61011 ,81286 ,91230 ,62535 ,76910 ,95808 ,48276 
중곡2동,83595 ,84340 ,82775 ,74778 ,87958 ,54619 ,71069 ,90598 ,49268 
중곡3동,68309 ,88184 ,38155 ,72506 ,99027 ,36943 ,80856 ,100610 ,50402 
중곡4동,86635 ,107573 ,54479 ,93952 ,114455 ,48389 ,87850 ,105624 ,54039 
능동,107567 ,141825 ,64293 ,104745 ,137075 ,64954 ,107164 ,141833 ,69565 
광장동,102001 ,134854 ,61847 ,107086 ,145578 ,73982 ,101151 ,129687 ,80842 
자양1동,103048 ,116670 ,73081 ,107439 ,117351 ,90194 ,105527 ,125033 ,64167 
자양2동,84198 ,86169 ,80038 ,89576 ,96289 ,79879 ,78796 ,82410 ,73298 
자양3동,102165 ,104263 ,99127 ,129728 ,135911 ,121963 ,109757 ,118272 ,98820 
자양4동,126003 ,151943 ,63441 ,114079 ,143823 ,69793 ,110010 ,143434 ,61292 
구의1동,92866 ,98417 ,86281 ,83707 ,107625 ,50020 ,93539 ,108829 ,66806 
구의2동,94026 ,110268 ,61541 ,128082 ,151408 ,67432 ,95860 ,112893 ,67614 
구의3동,93234 ,129571 ,77395 ,102426 ,117932 ,95075 ,102889 ,138434 ,85437 
동대문구,102399 ,120300 ,73118 ,88811 ,110071 ,58625 ,94387 ,115596 ,62440 
용신동,92724 ,105622 ,74852 ,81622 ,99452 ,62527 ,82558 ,104533 ,59327 
제기동,105497 ,120281 ,53480 ,109602 ,129842 ,61533 ,121282 ,140178 ,78708 
전농1동,118597 ,131730 ,82323 ,81840 ,94184 ,60581 ,88968 ,101923 ,65438 
전농2동,110172 ,110345 ,109920 ,89349 ,100547 ,66153 ,91657 ,116654 ,62578 
답십리1동,93018 ,122505 ,50016 ,106039 ,150329 ,54083 ,98362 ,122300 ,69332 
답십리2동,92552 ,92942 ,91975 ,73799 ,82414 ,58054 ,85974 ,110562 ,49426 
장안1동,83469 ,111149 ,56427 ,80264 ,98391 ,60743 ,80133 ,101934 ,52903 
장안2동,92355 ,101092 ,81988 ,73872 ,96224 ,49658 ,92264 ,118487 ,59879 
청량리동,119268 ,144200 ,56106 ,76818 ,88654 ,51901 ,85579 ,99101 ,56335 
회기동,158138 ,169733 ,125011 ,110841 ,134507 ,67206 ,105390 ,125918 ,59368 
휘경1동,135726 ,144556 ,118067 ,115636 ,148726 ,51663 ,117756 ,135018 ,92257 
휘경2동,95576 ,101796 ,73806 ,96240 ,118081 ,50130 ,91117 ,98466 ,73574 
이문1동,104538 ,121254 ,76893 ,110629 ,126852 ,71504 ,107380 ,132735 ,57561 
이문2동,120411 ,206204 ,48917 ,62270 ,92502 ,32037 ,74485 ,73602 ,76484 
중랑구,76167 ,90570 ,50656 ,77354 ,93783 ,49362 ,91905 ,108321 ,69774 
면목2동,67765 ,82122 ,39734 ,63525 ,75998 ,38579 ,81067 ,100994 ,49931 
면목4동,63460 ,76314 ,41258 ,52682 ,68950 ,27801 ,70050 ,73300 ,64308 
면목5동,56979 ,71496 ,34396 ,63354 ,70552 ,51357 ,68562 ,76996 ,59265 
면목본동,76592 ,88108 ,36286 ,83240 ,97154 ,51678 ,87422 ,108852 ,55059 
면목7동,84539 ,101222 ,37059 ,112695 ,139059 ,51855 ,99115 ,125239 ,49637 
면목3.8동,84481 ,90902 ,67145 ,74663 ,86897 ,50195 ,84962 ,101706 ,60962 
상봉1동,72101 ,78233 ,63516 ,91292 ,108716 ,54508 ,96657 ,109044 ,78235 
상봉2동,92811 ,110519 ,56461 ,85422 ,98433 ,65290 ,99556 ,124846 ,72470 
중화1동,59097 ,48656 ,75232 ,71153 ,85220 ,44424 ,76393 ,82921 ,68776 
중화2동,74013 ,97083 ,42957 ,79558 ,103485 ,39360 ,95159 ,117164 ,61235 
묵1동,80612 ,96999 ,61152 ,90789 ,125195 ,62118 ,110823 ,125703 ,90121 
묵2동,66114 ,90136 ,37088 ,69524 ,78054 ,40522 ,90216 ,94987 ,83484 
망우본동,83530 ,111890 ,40500 ,64084 ,80079 ,46512 ,96372 ,101456 ,89081 
망우3동,55733 ,69143 ,31351 ,56507 ,66780 ,26897 ,60791 ,79907 ,38658 
신내1동,70036 ,82810 ,50875 ,83439 ,100616 ,62827 ,102439 ,119911 ,84766 
신내2동,117106 ,111366 ,120932 ,89845 ,133999 ,49224 ,132835 ,165200 ,106505 
성북구,97298 ,110578 ,75994 ,87452 ,105488 ,59220 ,92114 ,114651 ,63418 
성북동,107676 ,119698 ,86911 ,121420 ,133678 ,84648 ,117521 ,136805 ,83643 
삼선동,100596 ,117923 ,78853 ,87774 ,108223 ,53313 ,94671 ,122320 ,59204 
동선동,127707 ,157419 ,86614 ,123534 ,158931 ,76127 ,118720 ,163807 ,67853 
돈암1동,116348 ,109654 ,125720 ,77197 ,83577 ,73653 ,54390 ,60231 ,52001 
돈암2동,,,,,,,,,89291 
안암동,136963 ,139452 ,132194 ,79236 ,105593 ,55863 ,116770 ,156221 ,74132 
보문동,81872 ,93357 ,62923 ,75421 ,93921 ,53936 ,75273 ,97029 ,54967 
정릉1동,83691 ,89997 ,76124 ,68419 ,78144 ,47349 ,97266 ,104883 ,81653 
정릉2동,85078 ,159362 ,50793 ,80306 ,95985 ,63202 ,72638 ,93957 ,54516 
정릉3동,90645 ,87277 ,95360 ,75237 ,89100 ,41208 ,74723 ,82919 ,53320 
정릉4동,109624 ,122021 ,78634 ,95494 ,123175 ,50330 ,83071 ,97392 ,65445 
길음1동,126646 ,136638 ,116654 ,138337 ,157076 ,123971 ,120683 ,154559 ,97586 
길음2동,99833 ,146497 ,44684 ,112995 ,167971 ,54583 ,111748 ,115628 ,107867 
종암동,83346 ,88239 ,75910 ,84597 ,97690 ,61856 ,74087 ,95366 ,49344 
월곡1동,89867 ,112008 ,49538 ,74526 ,92364 ,43653 ,88246 ,100219 ,68156 
월곡2동,84563 ,97052 ,68951 ,73657 ,97146 ,41975 ,78774 ,101254 ,44742 
장위1동,54399 ,59070 ,42462 ,50764 ,57937 ,28047 ,51354 ,60697 ,31793 
장위2동,71392 ,83657 ,43635 ,69396 ,78088 ,46979 ,80101 ,93927 ,58161 
장위3동,95706 ,116440 ,61148 ,74580 ,96175 ,40988 ,88856 ,119575 ,45337 
석관동,86920 ,90548 ,73746 ,79437 ,92037 ,45295 ,76169 ,91153 ,52415 
강북구,86793 ,97756 ,66874 ,86500 ,94772 ,70279 ,86805 ,103225 ,58620 
삼양동,82852 ,99233 ,56791 ,73170 ,82587 ,55123 ,79012 ,79874 ,77719 
미아동,91315 ,102056 ,74637 ,84788 ,90833 ,72178 ,92246 ,122163 ,48317 
송중동,101418 ,116979 ,73322 ,99417 ,119878 ,61359 ,107704 ,127577 ,77011 
송천동,73976 ,93946 ,41645 ,81394 ,87131 ,67412 ,77691 ,92426 ,55503 
삼각산동,119308 ,141235 ,105354 ,130954 ,126021 ,137008 ,114235 ,139228 ,82994 
번1동,96796 ,99093 ,93551 ,81549 ,97625 ,55957 ,82542 ,94837 ,57022 
번2동,81307 ,105134 ,37624 ,84396 ,80947 ,90143 ,62823 ,67088 ,47661 
번3동,107200 ,101969 ,111777 ,73150 ,100392 ,49113 ,66163 ,85802 ,37987 
수유1동,75313 ,94195 ,38494 ,78151 ,96258 ,31372 ,80024 ,97548 ,41288 
수유2동,72077 ,78514 ,57242 ,95663 ,77366 ,137379 ,68043 ,85736 ,37079 
수유3동,100292 ,116328 ,64520 ,98307 ,106824 ,82220 ,103241 ,128827 ,64461 
우이동,68691 ,76616 ,34348 ,76179 ,83913 ,48809 ,70715 ,80624 ,39799 
인수동,54431 ,60199 ,38860 ,58028 ,66576 ,40638 ,61604 ,67588 ,48533 
도봉구,89007 ,103151 ,63330 ,81075 ,100935 ,46416 ,82208 ,100317 ,56146 
창1동,103803 ,100679 ,109011 ,73575 ,90213 ,53098 ,89577 ,110806 ,65579 
창2동,79427 ,99387 ,34518 ,69534 ,89858 ,41590 ,67137 ,88739 ,36217 
창3동,65262 ,69342 ,53532 ,86803 ,92028 ,66950 ,61060 ,73055 ,35071 
창4동,167543 ,218785 ,131896 ,104133 ,165312 ,64235 ,117636 ,188712 ,76175 
창5동,99354 ,136384 ,61002 ,100373 ,128163 ,55909 ,97597 ,141257 ,60485 
도봉1동,75131 ,82388 ,60097 ,86041 ,105544 ,27532 ,72353 ,84723 ,45139 
도봉2동,91849 ,109508 ,64895 ,72756 ,90561 ,50499 ,101024 ,105495 ,94747 
쌍문1동,,103592 ,,54364 ,60959 ,31942 ,63449 ,73540 ,40515 
쌍문2동,80318 ,107875 ,41486 ,78610 ,92455 ,46962 ,74372 ,95575 ,46331 
쌍문3동,72703 ,79202 ,57754 ,83335 ,108548 ,31648 ,85374 ,105429 ,50835 
쌍문4동,,,57969 ,76669 ,95068 ,58269 ,82631 ,119728 ,56134 
방학1동,95488 ,104668 ,64738 ,86519 ,109778 ,44539 ,81533 ,98528 ,43719 
방학2동,73829 ,90956 ,23672 ,72003 ,81573 ,29894 ,66628 ,81207 ,34419 
방학3동,69278 ,93208 ,42357 ,56661 ,79830 ,44395 ,84363 ,92323 ,77328 
노원구,106888 ,132841 ,74470 ,106488 ,136970 ,70031 ,98091 ,130222 ,64935 
월계1동,,117477 ,,111086 ,152772 ,53587 ,89363 ,119891 ,52050 
월계2동,97384 ,132462 ,38919 ,66216 ,72705 ,49347 ,88194 ,97222 ,75883 
월계3동,,265519 ,,112125 ,155292 ,76152 ,115811 ,181860 ,69577 
공릉1동,92557 ,114139 ,50292 ,90724 ,112986 ,56783 ,92000 ,114741 ,57271 
공릉2동,89466 ,116374 ,53588 ,118729 ,134548 ,96186 ,95604 ,118182 ,62543 
하계1동,121458 ,99506 ,137138 ,80923 ,104567 ,62147 ,74120 ,87336 ,64652 
하계2동,,,,143464 ,189839 ,81632 ,88477 ,93391 ,85876 
중계본동,113210 ,167169 ,84643 ,84313 ,100159 ,70013 ,95086 ,134758 ,68639 
중계1동,87894 ,114483 ,74599 ,139761 ,221446 ,78498 ,112038 ,181772 ,80951 
중계4동,116339 ,135637 ,87391 ,104713 ,130290 ,71976 ,104592 ,148717 ,52637 
중계2.3동,140363 ,232363 ,90824 ,125200 ,244997 ,95250 ,120303 ,173038 ,71269 
상계1동,97496 ,113008 ,58068 ,103968 ,136347 ,52335 ,80900 ,109577 ,54468 
상계2동,134051 ,170832 ,99936 ,137069 ,163324 ,86348 ,114975 ,147294 ,79024 
상계3.4동,62671 ,75056 ,41279 ,75705 ,86856 ,40859 ,70593 ,88189 ,39146 
상계5동,60693 ,82472 ,42669 ,63381 ,88974 ,37787 ,75331 ,95974 ,38924 
상계6.7동,135033 ,173690 ,90650 ,126797 ,172108 ,85484 ,120606 ,181024 ,82159 
상계8동,85367 ,125007 ,57052 ,,182386 ,,113642 ,167935 ,60857 
상계9동,97040 ,124765 ,55453 ,96319 ,184377 ,52289 ,105488 ,176345 ,57007 
상계10동,,,49327 ,96981 ,148789 ,62442 ,114355 ,226606 ,62238 
은평구,91850 ,104096 ,67726 ,94239 ,107123 ,72526 ,93576 ,111313 ,66005 
녹번동,90000 ,103680 ,68198 ,89618 ,106287 ,68099 ,92587 ,115473 ,60449 
불광1동,113613 ,137065 ,62801 ,95777 ,115758 ,64607 ,97979 ,123703 ,55962 
불광2동,91327 ,107318 ,58115 ,104233 ,121774 ,78303 ,111564 ,138642 ,67652 
갈현1동,102835 ,121583 ,68180 ,88360 ,108005 ,57665 ,94358 ,112356 ,67268 
갈현2동,84351 ,98501 ,43997 ,91913 ,108852 ,47653 ,84318 ,106209 ,52983 
구산동,77169 ,74058 ,89301 ,75527 ,103007 ,43884 ,81333 ,87742 ,70562 
대조동,96198 ,115740 ,59286 ,119379 ,127126 ,108110 ,102687 ,118452 ,81901 
응암1동,90927 ,95557 ,81112 ,99800 ,116429 ,65643 ,86517 ,114245 ,56745 
응암2동,113164 ,112397 ,114237 ,90782 ,87781 ,92925 ,97760 ,105170 ,83487 
응암3동,85279 ,99456 ,51254 ,85871 ,103424 ,48131 ,87759 ,107019 ,48079 
역촌동,83148 ,97984 ,58061 ,81046 ,91025 ,62069 ,84301 ,100446 ,53613 
신사1동,96481 ,88155 ,125621 ,80599 ,84368 ,73514 ,92058 ,105408 ,66928 
신사2동,71865 ,79536 ,65047 ,87702 ,82622 ,95784 ,70003 ,80372 ,47969 
증산동,70242 ,75610 ,59146 ,91602 ,102552 ,40502 ,83820 ,96095 ,57685 
수색동,79400 ,93747 ,50705 ,75090 ,92054 ,53885 ,53642 ,70878 ,28570 
진관동,123696 ,141107 ,98740 ,112192 ,116545 ,105998 ,119408 ,136204 ,99835 
서대문구,113214 ,130409 ,85024 ,104726 ,126994 ,72976 ,104298 ,126958 ,74020 
천연동,108122 ,126880 ,68730 ,97292 ,127557 ,59820 ,106860 ,127373 ,67618 
북아현동,111447 ,121181 ,94412 ,93751 ,104061 ,73132 ,127408 ,147795 ,94612 
충현동,125225 ,120569 ,133057 ,97129 ,110312 ,81052 ,94274 ,118299 ,64968 
신촌동,161372 ,224727 ,93737 ,137835 ,185528 ,90143 ,127515 ,176373 ,80473 
연희동,104470 ,112806 ,94639 ,93449 ,107496 ,77915 ,92429 ,93446 ,91363 
홍제1동,88872 ,117383 ,40403 ,128742 ,134221 ,102033 ,110784 ,147974 ,59395 
홍제3동,108112 ,118282 ,82685 ,96341 ,108688 ,37078 ,96144 ,110924 ,52165 
홍제2동,114183 ,178528 ,63626 ,125928 ,173398 ,49975 ,92230 ,112292 ,70094 
홍은1동,72955 ,84184 ,45817 ,64454 ,73979 ,55309 ,74121 ,84011 ,62355 
홍은2동,98633 ,114069 ,60637 ,81259 ,98888 ,57334 ,80649 ,98912 ,52804 
남가좌1동,105298 ,113347 ,92650 ,128713 ,152798 ,63025 ,114359 ,131261 ,86701 
남가좌2동,98754 ,108688 ,66243 ,91009 ,109731 ,56149 ,99531 ,116552 ,65035 
북가좌1동,,80992 ,,92433 ,98085 ,77363 ,99821 ,105407 ,88648 
북가좌2동,80675 ,83126 ,75962 ,73930 ,93057 ,43646 ,84854 ,101761 ,60113 
마포구,117993 ,140850 ,98002 ,121217 ,143138 ,103387 ,127206 ,155671 ,105779 
아현동,125560 ,168915 ,88528 ,116129 ,153369 ,90012 ,125513 ,174167 ,90581 
공덕동,83179 ,94021 ,70572 ,87409 ,95283 ,79000 ,112246 ,129557 ,98430 
도화동,138681 ,186060 ,87657 ,132966 ,156659 ,118966 ,144149 ,197830 ,104595 
용강동,90884 ,152912 ,63210 ,126287 ,175327 ,106386 ,117860 ,162952 ,101726 
대흥동,103315 ,124487 ,76679 ,106525 ,147738 ,71722 ,123275 ,164503 ,79985 
염리동,113776 ,122033 ,89831 ,115902 ,145494 ,62355 ,128183 ,149829 ,90978 
신수동,100548 ,124548 ,63747 ,77483 ,91125 ,64598 ,128678 ,131257 ,126600 
서강동,130428 ,159219 ,101637 ,127881 ,147395 ,103884 ,133866 ,151001 ,121484 
서교동,131646 ,150469 ,119551 ,129587 ,156598 ,113709 ,141372 ,179286 ,117282 
합정동,105240 ,125270 ,89111 ,137859 ,159000 ,123579 ,123111 ,132755 ,114790 
망원1동,114244 ,136752 ,83079 ,115254 ,138108 ,76212 ,117347 ,139549 ,88698 
망원2동,90820 ,111145 ,57880 ,113697 ,123015 ,97680 ,101526 ,113421 ,83848 
연남동,114041 ,126666 ,99239 ,116219 ,129145 ,104260 ,121928 ,139700 ,105974 
성산1동,87621 ,104942 ,74090 ,87713 ,102437 ,71681 ,90666 ,109399 ,71695 
성산2동,125544 ,140666 ,105698 ,96616 ,121125 ,68883 ,107863 ,130531 ,90675 
상암동,143782 ,199671 ,119021 ,152626 ,194594 ,125734 ,128227 ,177614 ,101916 
양천구,98426 ,121926 ,67755 ,95671 ,117767 ,66494 ,98063 ,121170 ,74373 
목1동,136538 ,204936 ,99002 ,119651 ,164926 ,94327 ,137949 ,172075 ,118675 
목2동,91544 ,93391 ,87946 ,97293 ,112120 ,71980 ,105136 ,116926 ,87058 
목3동,100075 ,128763 ,60867 ,91112 ,121981 ,61307 ,90165 ,118084 ,57658 
목4동,85426 ,99924 ,49182 ,91124 ,111534 ,52733 ,74985 ,97065 ,46758 
목5동,126298 ,196212 ,85172 ,149292 ,206114 ,88483 ,132897 ,234199 ,88303 
신월1동,86107 ,94044 ,64941 ,79853 ,98129 ,34774 ,75068 ,87640 ,44363 
신월2동,65161 ,87570 ,45954 ,68416 ,88723 ,43494 ,68692 ,83564 ,52050 
신월3동,64885 ,81027 ,46052 ,60125 ,66646 ,42736 ,84490 ,117403 ,37614 
신월4동,98336 ,108069 ,51290 ,73343 ,85973 ,43490 ,71793 ,84899 ,44238 
신월5동,56034 ,77061 ,32004 ,68508 ,81476 ,39582 ,69777 ,74712 ,54233 
신월6동,90019 ,103225 ,69266 ,78567 ,91783 ,47728 ,102966 ,115262 ,40123 
신월7동,66459 ,78624 ,43481 ,78084 ,94838 ,43289 ,62295 ,78827 ,43927 
신정1동,94218 ,126832 ,51228 ,93228 ,112028 ,53538 ,98721 ,130694 ,60354 
신정2동,110027 ,142966 ,58471 ,99732 ,107798 ,88246 ,74661 ,101046 ,52878 
신정3동,104895 ,137258 ,60881 ,84280 ,136244 ,52217 ,92844 ,148974 ,53224 
신정4동,89803 ,116340 ,54547 ,81124 ,101246 ,58362 ,94223 ,116207 ,69505 
신정6동,135296 ,170505 ,94219 ,141406 ,186619 ,92425 ,127477 ,217938 ,92499 
신정7동,117178 ,158571 ,78545 ,132784 ,166928 ,77503 ,116207 ,124806 ,108562 
강서구,108286 ,133229 ,76132 ,102080 ,129030 ,75464 ,103648 ,133258 ,75203 
염창동,108386 ,127321 ,83841 ,87855 ,105542 ,68782 ,86360 ,110945 ,61776 
등촌1동,77308 ,90788 ,59044 ,95490 ,139494 ,63419 ,94387 ,116322 ,70766 
등촌2동,93070 ,107636 ,49370 ,92714 ,90672 ,96943 ,74781 ,82839 ,62579 
등촌3동,95524 ,141066 ,63995 ,120037 ,151720 ,97406 ,104365 ,154705 ,69280 
화곡1동,98881 ,107403 ,82403 ,80853 ,96331 ,54541 ,85747 ,103505 ,62848 
화곡2동,91559 ,96005 ,76442 ,70337 ,81370 ,31220 ,70438 ,85562 ,32989 
화곡3동,98170 ,111713 ,82544 ,107069 ,133359 ,64348 ,99148 ,124032 ,67509 
화곡4동,112240 ,124698 ,57616 ,94819 ,110102 ,62070 ,90813 ,115304 ,42311 
화곡본동,78835 ,98917 ,50051 ,101900 ,113843 ,82718 ,86800 ,101811 ,61027 
화곡6동,82395 ,99713 ,50744 ,96799 ,109570 ,78769 ,90934 ,107667 ,68685 
화곡8동,163277 ,170331 ,134178 ,101187 ,130688 ,38498 ,116162 ,139972 ,57265 
가양1동,144051 ,238109 ,89769 ,129254 ,223449 ,86048 ,139521 ,223547 ,96964 
가양2동,109911 ,151529 ,62348 ,100498 ,163956 ,66903 ,99739 ,149948 ,72543 
가양3동,127640 ,95083 ,141205 ,105430 ,193679 ,83367 ,101262 ,100934 ,101387 
발산1동,79594 ,115386 ,50805 ,83200 ,120116 ,60835 ,92410 ,140003 ,71706 
우장산동,121569 ,148765 ,68082 ,107859 ,129003 ,77001 ,104244 ,134879 ,70451 
공항동,115706 ,123722 ,96910 ,91552 ,92974 ,89183 ,98675 ,106636 ,82946 
방화1동,101826 ,120472 ,72970 ,95643 ,113398 ,71792 ,115238 ,155307 ,65414 
방화2동,58681 ,63438 ,51810 ,72953 ,76013 ,65222 ,82126 ,85950 ,76354 
방화3동,103443 ,131854 ,75032 ,109219 ,151230 ,67207 ,103505 ,134037 ,59403 
구로구,100534 ,112623 ,88740 ,102693 ,119986 ,85037 ,105846 ,122404 ,89527 
신도림동,125978 ,113670 ,140229 ,114667 ,135559 ,93775 ,119968 ,126766 ,112461 
구로1동,85161 ,116460 ,51253 ,118014 ,153878 ,61229 ,111657 ,144089 ,79225 
구로2동,98679 ,114919 ,88496 ,94719 ,111513 ,81709 ,109628 ,123462 ,97223 
구로3동,131513 ,153840 ,120857 ,120626 ,155814 ,103508 ,131903 ,178702 ,112075 
구로4동,112804 ,127658 ,81381 ,133354 ,152001 ,76562 ,113443 ,138105 ,71065 
구로5동,98830 ,102922 ,97118 ,105604 ,96066 ,111589 ,99473 ,101219 ,98385 
가리봉동,74588 ,84621 ,36461 ,97188 ,117551 ,51764 ,102226 ,115295 ,73755 
고척1동,83046 ,110201 ,44458 ,102690 ,142898 ,54441 ,85697 ,117078 ,51366 
고척2동,66231 ,78301 ,42092 ,71731 ,84911 ,47568 ,85704 ,94820 ,69958 
개봉1동,82799 ,98441 ,43694 ,78393 ,85716 ,54595 ,75561 ,87555 ,53312 
개봉2동,110270 ,126892 ,82219 ,117533 ,122771 ,110089 ,92603 ,113418 ,63271 
개봉3동,70537 ,89238 ,31435 ,82027 ,95081 ,49895 ,78321 ,93625 ,50352 
오류1동,100754 ,115770 ,42834 ,118757 ,168058 ,77344 ,112760 ,142188 ,66852 
오류2동,109602 ,130308 ,84396 ,83479 ,102656 ,56631 ,97327 ,123225 ,65594 
수궁동,60052 ,81278 ,34358 ,66297 ,81349 ,31563 ,83730 ,95191 ,63505 
금천구,86429 ,109204 ,67457 ,99242 ,110345 ,90378 ,104312 ,123246 ,88490 
가산동,92704 ,133177 ,80785 ,99446 ,139572 ,86000 ,115181 ,159077 ,100717 
독산1동,84276 ,111957 ,56118 ,98414 ,94595 ,101125 ,87769 ,113872 ,62237 
독산2동,75527 ,84197 ,54574 ,70012 ,84092 ,26493 ,72615 ,93435 ,34617 
독산3동,79720 ,90039 ,59480 ,73234 ,84324 ,48067 ,90908 ,98298 ,77184 
독산4동,81830 ,95417 ,35634 ,92903 ,99794 ,74694 ,93843 ,115522 ,39010 
시흥1동,94619 ,118723 ,42967 ,98790 ,114362 ,71837 ,106794 ,140251 ,62497 
시흥2동,119935 ,152814 ,47599 ,120210 ,167667 ,72754 ,88884 ,113968 ,62991 
시흥3동,61268 ,84551 ,44364 ,119455 ,93004 ,140322 ,128435 ,107966 ,141136 
시흥4동,76323 ,85187 ,35546 ,111289 ,125396 ,87776 ,94684 ,112804 ,66211 
시흥5동,108083 ,125931 ,55912 ,96284 ,112292 ,33709 ,92180 ,110542 ,43828 
영등포구,94899 ,115338 ,74571 ,100941 ,117531 ,84262 ,105057 ,125782 ,83524 
영등포본동,108062 ,91780 ,122535 ,125571 ,100764 ,137411 ,103696 ,94852 ,113936 
영등포동,93561 ,123854 ,71182 ,130016 ,125932 ,135432 ,121078 ,137933 ,98897 
여의동,123494 ,228571 ,90219 ,121475 ,198252 ,95882 ,131082 ,201279 ,99493 
당산1동,78759 ,98208 ,59785 ,73118 ,92233 ,54194 ,89322 ,110262 ,69753 
당산2동,111795 ,145663 ,77300 ,101277 ,142867 ,70817 ,105764 ,155551 ,72460 
도림동,72263 ,91062 ,42723 ,77911 ,93745 ,46241 ,93534 ,109529 ,72617 
문래동,92766 ,107414 ,73047 ,88600 ,99035 ,75114 ,98115 ,104012 ,89741 
양평1동,78066 ,82771 ,71577 ,78133 ,92632 ,53278 ,97530 ,107546 ,83355 
양평2동,95094 ,105215 ,82361 ,84352 ,106151 ,68628 ,99172 ,121404 ,70162 
신길1동,68453 ,73102 ,54506 ,107493 ,119431 ,82124 ,103017 ,121228 ,66025 
신길3동,106533 ,124499 ,67006 ,81407 ,91988 ,32470 ,76205 ,89751 ,48703 
신길4동,45403 ,64238 ,24684 ,,73989 ,,67257 ,63872 ,73412 
신길5동,58852 ,70750 ,36545 ,,85181 ,,99075 ,110618 ,70558 
신길6동,79620 ,113734 ,47213 ,98394 ,104042 ,79568 ,84948 ,107168 ,51617 
신길7동,116043 ,95133 ,145665 ,120932 ,122067 ,119116 ,100756 ,113038 ,82066 
대림1동,84506 ,105249 ,43020 ,91618 ,103900 ,63706 ,92941 ,114293 ,65281 
대림2동,109692 ,129656 ,73286 ,126017 ,166807 ,72568 ,114581 ,136651 ,81476 
대림3동,69383 ,85729 ,41050 ,79377 ,106735 ,45332 ,74563 ,95153 ,55998 
동작구,107454 ,126598 ,77679 ,111082 ,132622 ,77631 ,114682 ,142553 ,77200 
노량진1동,129504 ,131950 ,125836 ,145159 ,192574 ,82842 ,139891 ,171273 ,84616 
노량진2동,139631 ,163280 ,84450 ,106510 ,122706 ,93666 ,145868 ,168978 ,110151 
상도1동,105090 ,132872 ,78039 ,103536 ,119218 ,78749 ,100774 ,122206 ,74250 
상도2동,103543 ,123800 ,63029 ,116589 ,138636 ,94542 ,108877 ,135134 ,77772 
상도3동,134500 ,149328 ,84085 ,149352 ,182526 ,56937 ,113448 ,148972 ,58189 
상도4동,64687 ,70906 ,43264 ,87956 ,97402 ,53948 ,95750 ,113115 ,55875 
흑석동,103439 ,110658 ,92612 ,104663 ,128533 ,76452 ,116053 ,135183 ,86433 
사당1동,107585 ,120945 ,76720 ,106026 ,118625 ,75054 ,91447 ,115474 ,65396 
사당2동,124092 ,155922 ,84545 ,128524 ,144351 ,108042 ,137026 ,184717 ,85048 
사당3동,100871 ,142486 ,59256 ,107816 ,129235 ,80557 ,111809 ,122917 ,96608 
사당4동,108823 ,120111 ,74959 ,97706 ,115594 ,49152 ,137158 ,173415 ,59701 
사당5동,60862 ,63724 ,58192 ,81532 ,90373 ,57956 ,79786 ,89562 ,63167 
대방동,86987 ,106675 ,65113 ,86359 ,109425 ,55187 ,91565 ,120674 ,59369 
신대방1동,94525 ,105896 ,85681 ,105730 ,132295 ,44631 ,106004 ,119507 ,85394 
신대방2동,106900 ,149890 ,53673 ,106974 ,132805 ,68907 ,115870 ,174466 ,72785 
관악구,104635 ,128760 ,69761 ,104626 ,124404 ,71939 ,108446 ,130073 ,77836 
보라매동,74927 ,94701 ,47868 ,85954 ,99420 ,64945 ,91911 ,104085 ,72903 
청림동,136742 ,68197 ,193862 ,68853 ,80453 ,45653 ,79507 ,80513 ,78334 
성현동,74932 ,106042 ,51600 ,103681 ,132174 ,67046 ,87058 ,116789 ,64002 
행운동,102693 ,120783 ,70770 ,93592 ,105537 ,71513 ,102188 ,122120 ,77639 
낙성대동,119926 ,149784 ,71406 ,116376 ,151355 ,65187 ,133814 ,169586 ,87103 
청룡동,110016 ,129984 ,67980 ,109307 ,143819 ,64176 ,117667 ,135025 ,96779 
은천동,98585 ,137035 ,52445 ,97774 ,124978 ,50385 ,114733 ,138802 ,74309 
중앙동,100945 ,133102 ,66216 ,107203 ,125894 ,73219 ,100159 ,115847 ,78472 
인헌동,91978 ,112463 ,57478 ,100020 ,128995 ,52502 ,107035 ,138587 ,50942 
남현동,161096 ,211304 ,110888 ,110110 ,126785 ,93436 ,123714 ,176418 ,85064 
서원동,118553 ,145725 ,101571 ,141402 ,171781 ,111801 ,125613 ,157035 ,101972 
신원동,147287 ,172616 ,38734 ,124374 ,134091 ,70931 ,111924 ,132647 ,59428 
서림동,77566 ,103357 ,51775 ,101878 ,92786 ,127640 ,100682 ,104493 ,94921 
신사동,86821 ,98919 ,53072 ,101692 ,119641 ,44068 ,106358 ,121733 ,75904 
신림동,169629 ,231615 ,81995 ,130350 ,157747 ,99161 ,138072 ,172386 ,87767 
난향동,66009 ,73872 ,59020 ,75393 ,104132 ,62129 ,70785 ,82833 ,65621 
조원동,73272 ,90320 ,54219 ,78579 ,97006 ,48813 ,89316 ,109883 ,48184 
대학동,111518 ,123159 ,90175 ,104431 ,119927 ,72332 ,97755 ,120895 ,59189 
삼성동,68388 ,85642 ,31962 ,58876 ,71317 ,35377 ,72522 ,84616 ,52770 
미성동,93452 ,91715 ,96442 ,86801 ,99183 ,59065 ,95885 ,106944 ,79112 
난곡동,110979 ,144447 ,61892 ,124973 ,150931 ,57484 ,96743 ,105817 ,72338 
서초구,110309 ,132698 ,93313 ,119284 ,141554 ,101477 ,123167 ,145279 ,107901 
서초1동,100979 ,127502 ,77065 ,116385 ,159102 ,88882 ,115073 ,142544 ,90348 
서초2동,141898 ,172180 ,131397 ,146964 ,140171 ,148782 ,164495 ,203244 ,149673 
서초3동,113148 ,120632 ,107961 ,113620 ,138810 ,92229 ,113085 ,137665 ,99185 
서초4동,109388 ,136270 ,95947 ,142958 ,198020 ,119359 ,136587 ,180235 ,118082 
잠원동,109102 ,163660 ,84941 ,117714 ,136538 ,104664 ,120227 ,138794 ,108611 
반포본동,132051 ,152543 ,91067 ,109121 ,119234 ,77517 ,101538 ,120635 ,70816 
반포1동,133859 ,175297 ,100389 ,144267 ,161517 ,126643 ,142688 ,156282 ,127889 
반포2동,,,173812 ,263255 ,450540 ,169613 ,199009 ,284869 ,151638 
반포3동,151396 ,254147 ,71479 ,136831 ,195925 ,91641 ,172937 ,226984 ,152750 
반포4동,132740 ,187971 ,111262 ,160644 ,223274 ,119213 ,149099 ,185896 ,140030 
방배본동,100225 ,127973 ,67719 ,90397 ,113316 ,57930 ,100274 ,134536 ,64255 
방배1동,96639 ,114767 ,82489 ,113055 ,146013 ,85041 ,114053 ,140627 ,86503 
방배2동,115465 ,131152 ,87521 ,113249 ,121072 ,102074 ,131894 ,155685 ,108723 
방배3동,81307 ,101310 ,55588 ,109864 ,183670 ,59366 ,87997 ,115096 ,63361 
방배4동,101439 ,106098 ,93629 ,108867 ,129396 ,79390 ,104742 ,123876 ,83251 
양재1동,94056 ,121105 ,72486 ,102086 ,128771 ,76970 ,110080 ,138492 ,86170 
양재2동,73016 ,89501 ,60469 ,84587 ,96567 ,74728 ,84081 ,101583 ,67520 
내곡동,151020 ,118475 ,190797 ,108856 ,101799 ,122971 ,125377 ,157543 ,83315 
강남구,128090 ,158842 ,107966 ,140179 ,172542 ,119247 ,136923 ,172702 ,116176 
신사동,131391 ,198673 ,93382 ,124515 ,170703 ,94296 ,134219 ,183061 ,105211 
논현1동,132186 ,170462 ,105763 ,124378 ,147847 ,108812 ,132159 ,166787 ,107948 
논현2동,110137 ,140241 ,88742 ,123315 ,146640 ,109871 ,128417 ,139190 ,122786 
압구정동,133164 ,172471 ,103233 ,136505 ,207464 ,83906 ,138771 ,206888 ,99635 
청담동,122111 ,162111 ,98288 ,143535 ,185754 ,120140 ,136326 ,171203 ,121379 
삼성1동,135669 ,156457 ,124567 ,205798 ,204428 ,206425 ,174584 ,170401 ,176548 
삼성2동,152972 ,165960 ,143466 ,139120 ,163184 ,124682 ,139422 ,173082 ,116414 
대치1동,172174 ,248460 ,113493 ,201318 ,278870 ,121091 ,176744 ,274999 ,122158 
대치2동,126469 ,142529 ,118238 ,167492 ,183017 ,154878 ,143209 ,174507 ,123487 
대치4동,132541 ,172414 ,95516 ,141493 ,190759 ,107437 ,142207 ,207603 ,106487 
역삼1동,132271 ,147116 ,124753 ,149844 ,169894 ,139598 ,139102 ,166707 ,125083 
역삼2동,135815 ,158306 ,121646 ,150497 ,196889 ,120011 ,142166 ,177333 ,123363 
도곡1동,155121 ,224268 ,102737 ,138280 ,168905 ,112759 ,126252 ,171972 ,96096 
도곡2동,127251 ,159027 ,99006 ,127766 ,168648 ,102881 ,146087 ,188536 ,118723 
개포1동,,111381 ,,,,,,,80672 
개포2동,94075 ,141403 ,63785 ,135137 ,172021 ,82217 ,137923 ,172432 ,94377 
개포4동,70068 ,88680 ,51814 ,64960 ,79235 ,50935 ,82974 ,94619 ,74193 
세곡동,144608 ,187705 ,119658 ,132458 ,149157 ,116211 ,126331 ,180920 ,91042 
일원본동,117653 ,102413 ,126120 ,174578 ,206664 ,110407 ,147455 ,192774 ,105158 
일원1동,79419 ,96543 ,49453 ,105493 ,138772 ,44190 ,97853 ,128545 ,47904 
일원2동,122251 ,192949 ,81010 ,100270 ,161289 ,83628 ,109530 ,147840 ,102769 
수서동,111406 ,110377 ,111692 ,136014 ,239326 ,103544 ,122317 ,165022 ,100965 
송파구,115388 ,138523 ,89479 ,115768 ,137815 ,95968 ,142790 ,172608 ,117175 
풍납1동,66622 ,74346 ,40874 ,78155 ,89995 ,47372 ,152956 ,192005 ,86015 
풍납2동,93540 ,93689 ,93290 ,85110 ,102056 ,52832 ,119447 ,147875 ,85640 
거여1동,84102 ,99695 ,42519 ,90546 ,96773 ,83753 ,81401 ,107777 ,42238 
거여2동,99282 ,138535 ,44327 ,83846 ,126896 ,44897 ,105747 ,150487 ,68464 
마천1동,,66512 ,,70679 ,85543 ,31335 ,123276 ,128042 ,108976 
마천2동,91791 ,101046 ,40887 ,82322 ,104499 ,35855 ,122838 ,150558 ,42760 
방이1동,90591 ,99870 ,76487 ,92185 ,134140 ,52016 ,102000 ,143258 ,60268 
방이2동,102438 ,132631 ,70987 ,105194 ,142644 ,73532 ,135459 ,170510 ,103664 
오륜동,317364 ,384912 ,125979 ,271920 ,338165 ,172552 ,298383 ,321178 ,244653 
오금동,80365 ,96411 ,58849 ,72580 ,96984 ,46626 ,95079 ,119580 ,71423 
송파1동,91150 ,107571 ,69985 ,114432 ,121000 ,104761 ,120340 ,140771 ,96647 
송파2동,117006 ,145764 ,79790 ,77045 ,106126 ,52240 ,100283 ,138782 ,67284 
석촌동,102759 ,125558 ,70616 ,103589 ,132432 ,67942 ,127486 ,167349 ,83805 
삼전동,117964 ,141463 ,81247 ,112492 ,143300 ,58912 ,129085 ,164772 ,87395 
가락본동,107484 ,120565 ,94721 ,95770 ,118982 ,67008 ,149756 ,188952 ,114697 
가락1동,102034 ,99420 ,114285 ,143427 ,128269 ,168159 ,203200 ,197683 ,212633 
가락2동,94646 ,111792 ,69380 ,78923 ,111134 ,41758 ,133270 ,158877 ,109934 
문정1동,78679 ,103438 ,50726 ,83876 ,91609 ,72382 ,111776 ,125247 ,88875 
문정2동,126604 ,225388 ,99624 ,116720 ,200885 ,97794 ,152428 ,207236 ,138832 
장지동,80300 ,111685 ,39501 ,84267 ,107030 ,55813 ,140229 ,170312 ,95843 
위례동,194859 ,231610 ,128707 ,134960 ,188186 ,89619 ,150935 ,219384 ,94438 
잠실본동,119122 ,145763 ,75829 ,126152 ,170599 ,73435 ,142061 ,179870 ,104430 
잠실2동,310834 ,511634 ,206419 ,280165 ,482662 ,203023 ,273310 ,445966 ,210084 
잠실3동,195445 ,183093 ,199416 ,262962 ,226011 ,269215 ,239256 ,261409 ,233426 
잠실4동,235474 ,433531 ,116640 ,223208 ,328082 ,170772 ,246723 ,332424 ,216115 
잠실6동,161279 ,262823 ,117759 ,192226 ,215616 ,184185 ,159533 ,201572 ,142455 
잠실7동,,118629 ,,,159333 ,,154705 ,231553 ,47117 
강동구,90306 ,109830 ,62378 ,94621 ,115081 ,62930 ,105484 ,127509 ,74446 
강일동,115477 ,221970 ,69176 ,134294 ,210161 ,86877 ,109876 ,185791 ,77670 
상일동,75537 ,77462 ,73452 ,74155 ,82551 ,48965 ,135573 ,178077 ,64380 
명일1동,92793 ,119494 ,45863 ,92983 ,112232 ,61200 ,97126 ,128748 ,63572 
명일2동,89284 ,103300 ,79390 ,87191 ,125678 ,56806 ,92513 ,155349 ,52249 
고덕1동,121604 ,147885 ,86562 ,109907 ,145728 ,63549 ,109101 ,133278 ,76865 
고덕2동,,80778 ,,149526 ,159099 ,125159 ,189275 ,216943 ,121732 
암사1동,92709 ,111446 ,64320 ,92667 ,104805 ,61716 ,91888 ,104525 ,73265 
암사2동,84876 ,120630 ,61040 ,102015 ,125535 ,70262 ,90006 ,125312 ,56235 
암사3동,71814 ,63442 ,84837 ,93333 ,118212 ,75563 ,133219 ,140004 ,126886 
천호1동,69285 ,84099 ,47276 ,78010 ,94463 ,51684 ,95331 ,108500 ,69804 
천호2동,92415 ,112203 ,60613 ,97611 ,118677 ,65394 ,113383 ,127110 ,93142 
천호3동,93279 ,113511 ,68672 ,102825 ,113435 ,79178 ,110895 ,139535 ,64853 
성내1동,75722 ,106218 ,53097 ,83466 ,119295 ,46568 ,96728 ,116038 ,69619 
성내2동,99444 ,114348 ,66844 ,85183 ,101245 ,56710 ,99830 ,105871 ,84082 
성내3동,87330 ,111500 ,54679 ,105479 ,130074 ,55427 ,109401 ,125340 ,86519 
길동,96002 ,115451 ,57731 ,92296 ,109346 ,69456 ,98394 ,117865 ,66854 
둔촌1동,,,,,,,,,
둔촌2동,92758 ,90375 ,98452 ,75314 ,91457 ,48702 ,82308 ,104173 ,49670 
