서울시 전체,"99,270","120,802","74,269","103,349","122,453","82,536","114,948","131,016","96,707"
종로구,"150,722","200,560","104,146","165,705","207,788","132,489","184,919","217,763","155,681"
청운효자동,"113,601","132,093","69,222","155,690","177,434","94,413","141,019","164,110","67,128"
사직동,"133,002","201,949","98,528","111,742","147,000","90,092","129,373","167,097","107,891"
삼청동,,"242,939",,,"190,759",,"164,427","208,176","98,802"
부암동,"91,410","107,941","51,264","84,414","99,467","48,285","85,040","122,674","52,781"
평창동,"60,341","96,809","46,666","68,909","88,664","54,421","99,594","119,944","81,506"
무악동,,,,,,,"132,977","198,995","53,755"
교남동,,,"63,829",,,"62,944",,"242,573",
가회동,"134,212","170,226","62,185","124,523","143,968","68,966","143,504","164,337","101,838"
종로1.2.3.4가동,"166,119","225,870","94,887","170,692","255,062","100,324","188,843","257,637","107,868"
종로5.6가동,"213,824","248,738","196,500","254,588","260,380","251,432","280,836","268,372","286,055"
이화동,"98,771","166,604","58,870","111,794","163,477","76,013","120,599","159,491","90,349"
혜화동,"113,324","154,515","73,848","114,708","152,953","79,296","110,850","145,130","69,905"
창신1동,"150,977","203,256","79,093","134,683","177,392","105,792","160,921","217,289","117,706"
창신2동,"88,272","132,620","39,891","74,946","107,358","53,338","85,142","99,798","41,174"
창신3동,,"93,467",,,,"217,396","163,951","60,596","219,604"
숭인1동,"88,017","152,305","53,731","114,506","103,705","121,706","104,981","162,780","51,629"
숭인2동,"102,331","160,987","52,054","87,051","125,576","53,663","112,278","169,559","57,791"
중구,"197,701","210,788","189,982","204,852","211,113","201,543","218,632","226,474","214,025"
소공동,"147,569","195,086","111,521","135,581","199,671","95,995","140,939","174,598","120,415"
회현동,"376,253","435,758","350,535","356,525","387,094","344,581","325,999","407,360","270,673"
명동,"150,123","259,834","111,909","145,395","221,096","117,007","152,482","257,171","120,470"
필동,"95,165","154,342","62,887","92,836","122,670","73,918","85,981","144,004","53,746"
장충동,"66,486","76,234","56,738","85,766","117,495","69,902","94,910","114,009","81,019"
광희동,"197,061","218,051","185,867","179,950","202,934","171,244","187,924","192,973","185,377"
을지로동,"115,164","169,623","62,177","132,534","212,422","74,941","137,964","194,498","78,583"
신당동,"307,743","240,723","326,556","310,198","248,832","326,783","398,531","309,730","418,483"
다산동,"87,859","132,577","46,867","74,017","89,120","60,353","96,499","119,705","71,843"
약수동,"178,256","217,695","150,649","78,717","107,483","40,362","97,300","134,293","74,179"
청구동,,"99,206",,"74,990","95,526","51,888","85,180","102,387","73,035"
신당5동,"77,935","102,092","42,797","99,371","110,171","91,142","104,444","117,768","92,735"
동화동,"78,378","103,593","47,759","83,327","98,558","65,753","82,018","123,579","58,928"
황학동,"93,040","116,964","54,762","169,604","198,224","65,855","123,390","150,841","63,912"
중림동,"69,122","70,186","67,738","123,410","133,338","103,554","110,493","118,396","95,741"
용산구,"102,830","123,629","80,236","107,547","126,327","85,263","111,753","131,007","93,847"
후암동,"90,827","107,790","46,300","95,573","116,170","59,997","87,119","111,420","54,718"
용산2가동,"60,565","63,882","50,613","87,462","83,485","101,664","99,587","161,005","55,718"
남영동,"89,058","98,762","74,712","88,807","103,507","67,369","79,928","82,880","74,679"
청파동,"85,424","115,284","52,051","98,922","131,394","51,568","105,799","134,785","69,141"
원효로1동,"101,677","116,726","85,471","94,782","114,926","67,588","95,778","117,538","62,763"
원효로2동,"89,927","107,587","71,286","83,935","122,321","62,756","92,311","121,424","76,784"
효창동,"100,962","124,215","62,206",,"174,417",,,"117,136",
용문동,"69,703","82,186","41,170","82,667","99,014","49,972","77,647","99,375","47,227"
한강로동,"93,923","119,140","80,766","98,357","113,950","87,220","97,116","118,262","86,771"
이촌1동,"257,852","353,058","150,747","206,646","256,989","147,914","181,413","205,671","159,579"
이촌2동,,,,,"69,968",,"107,514","114,490","99,142"
이태원1동,"158,823","186,468","118,419","169,505","211,322","121,538","160,372","170,469","150,535"
이태원2동,"111,802","136,902","85,134","153,467","169,317","137,618","162,265","223,485","104,446"
한남동,"107,498","123,742","87,334","116,686","132,098","98,928","139,562","145,660","134,051"
서빙고동,"98,774","83,475","117,132",,"57,559",,"85,097","104,008","63,484"
보광동,"85,873","96,763","67,723","72,183","80,610","48,109","74,301","83,757","48,032"
성동구,"85,047","106,611","61,376","89,828","116,051","62,849","106,564","127,410","80,459"
왕십리2동,"66,980","75,795","63,202","93,144","131,902","45,773","96,128","152,790","49,466"
왕십리도선동,"90,376","114,087","70,617","94,939","128,553","61,324","125,368","143,919","97,078"
마장동,"92,945","116,941","43,540","94,690","96,221","92,116","112,238","144,439","47,835"
사근동,"122,023","130,734","106,235","138,465","161,819","89,161","182,379","220,038","80,703"
행당1동,"159,278","138,576","187,744","119,584","107,706","140,369","177,854","147,385","209,542"
행당2동,,,,,,"80,836","134,413","178,269","74,111"
응봉동,,,"89,235",,"100,406",,"80,479","115,223","49,210"
금호1가동,"64,965","78,979","55,623","126,501","168,134","77,928","106,578","127,078","73,265"
금호2.3가동,"96,035","138,180","46,867","119,120","151,242","54,876","120,790","133,141","80,650"
금호4가동,,"152,902",,,"83,076",,"127,271","145,570","110,497"
옥수동,"110,647","138,519","95,978","95,401","139,500","73,351","108,937","179,785","59,652"
성수1가1동,"67,304","103,983","30,625","63,607","75,338","51,877","79,089","85,677","67,560"
성수1가2동,"79,711","101,577","50,348","82,557","103,580","52,682","84,861","100,504","66,337"
성수2가1동,"66,455","84,037","40,758","79,152","92,871","62,795","88,863","100,453","69,271"
성수2가3동,"65,360","92,701","48,651","72,450","111,884","54,142","98,269","115,673","85,527"
송정동,,"82,828",,"93,857","135,507","31,381","76,508","83,328","56,048"
용답동,"76,942","90,737","58,065","78,016","111,863","38,880","75,159","96,397","58,514"
광진구,"89,832","104,467","68,355","91,875","112,814","64,634","93,435","112,757","65,119"
화양동,"114,875","146,868","69,047","134,629","173,036","94,478","132,076","157,434","96,662"
군자동,"94,617","119,153","46,773","72,291","99,769","47,561","89,776","116,399","50,867"
중곡1동,"61,125","72,204","47,994","77,813","87,261","58,360","78,923","95,257","33,186"
중곡2동,"66,923","75,801","44,991","71,544","96,867","38,987","70,438","90,535","42,425"
중곡3동,"60,963","72,749","38,130","64,458","73,472","36,290","74,840","90,458","44,256"
중곡4동,"92,136","87,565","99,396","84,152","110,938","38,950","75,506","96,940","38,761"
능동,"79,209","90,533","60,336","85,407","104,995","61,900","91,016","110,033","69,887"
광장동,"85,857","111,138","63,104","91,269","98,110","86,871","88,757","108,887","66,710"
자양1동,"87,677","102,406","52,155","103,210","123,267","74,378","91,643","96,644","80,051"
자양2동,"81,178","105,750","37,301","69,047","86,403","39,439","89,459","101,430","59,180"
자양3동,"90,186","94,116","76,430","96,296","111,330","72,419","109,342","117,479","95,005"
자양4동,"103,458","123,830","53,206","107,677","141,802","49,178","101,466","124,843","55,578"
구의1동,"83,134","102,635","44,884","76,852","93,761","50,613","96,027","115,087","64,605"
구의2동,"80,571","108,642","30,043","83,429","106,539","43,812","90,356","116,089","54,553"
구의3동,"115,705","131,548","110,357","106,595","143,335","91,082","85,975","120,127","71,639"
동대문구,"73,324","93,394","46,727","72,356","92,538","49,666","91,629","110,478","61,230"
용신동,"62,247","77,393","47,303","66,575","84,229","53,735","93,181","119,545","63,492"
제기동,"93,645","119,345","50,506","67,565","89,472","40,347","114,220","128,459","68,557"
전농1동,"70,831","80,697","46,166","75,845","95,232","50,254","108,720","111,317","100,207"
전농2동,"79,370","97,720","58,982",,"58,182",,"86,263","110,217","52,044"
답십리1동,"78,873","98,982","42,676","84,736","91,446","79,059","98,392","120,430","73,971"
답십리2동,"60,230","67,674","50,435","64,067","76,943","42,912","82,992","98,486","40,086"
장안1동,"57,002","76,650","38,304","67,503","93,421","46,122","74,698","102,459","47,229"
장안2동,"60,856","82,459","38,372","69,340","95,857","39,508","72,373","89,837","49,636"
청량리동,"101,266","123,762","47,839","65,467","77,857","37,590","77,417","83,296","57,969"
회기동,"112,286","126,206","89,418","97,096","120,149","57,138","118,098","126,370","103,988"
휘경1동,"121,885","163,566","46,102","69,565","85,319","50,947","98,643","119,129","53,575"
휘경2동,,"83,920",,"84,991","113,750","40,255","108,695","114,355","94,951"
이문1동,"78,419","90,272","57,253","105,797","121,914","70,877","97,036","112,145","59,660"
이문2동,"43,243","54,406","30,219","58,309","68,316","28,287",,"89,352",
중랑구,"70,850","89,833","40,026","73,594","93,064","38,679","71,153","88,270","44,067"
면목2동,"66,647","82,810","34,899","66,758","84,214","26,611","56,466","71,884","32,787"
면목4동,"49,101","65,697","29,738","61,921","73,708","30,487","69,621","74,126","63,693"
면목5동,"42,596","60,279","27,123","34,491","43,333","27,861","50,741","72,512","26,552"
면목본동,"70,350","93,391","32,497","68,074","85,247","31,274","69,992","88,223","32,855"
면목7동,"87,587","92,409","73,120","101,958","134,820","38,288","71,389","89,676","41,269"
면목3.8동,"72,317","89,161","34,195","67,086","90,189","37,762","73,202","88,866","44,009"
상봉1동,"60,883","76,690","35,197","56,240","65,428","44,297","78,940","92,574","58,489"
상봉2동,"74,192","87,157","46,494","83,020","106,337","46,839","70,318","88,769","41,618"
중화1동,"50,534","62,759","32,198","90,321","109,023","43,565","62,457","73,510","37,586"
중화2동,"78,050","100,481","40,399","74,141","88,979","40,755","77,186","94,265","48,050"
묵1동,"92,243","132,853","53,138","88,973","107,783","54,880","99,402","112,903","68,244"
묵2동,"56,938","70,346","29,164","68,250","85,999","37,189","74,876","94,717","42,751"
망우본동,"72,544","82,476","47,007","67,426","89,453","31,632","75,318","89,716","51,179"
망우3동,"61,125","103,864","30,956","57,759","66,913","38,617","48,638","62,399","30,577"
신내1동,"88,466","115,909","45,513","88,172","99,627","51,263","69,110","103,388","36,204"
신내2동,"73,367","101,805","54,965","95,237","142,955","51,856","79,546","116,622","56,729"
성북구,"77,780","94,339","53,180","80,578","101,745","51,962","87,666","104,659","62,483"
성북동,,"101,648",,"113,605","152,831","51,965","112,664","138,970","60,052"
삼선동,"87,286","111,252","51,967","81,116","105,064","53,932","91,665","114,236","60,631"
동선동,"83,328","111,862","56,295","114,719","150,347","70,709","114,405","137,053","78,672"
돈암1동,,,,,"82,648",,,,"49,503"
돈암2동,,,,,,,,,
안암동,"79,693","114,753","48,840","74,865","104,723","45,006","93,678","114,108","66,681"
보문동,"69,296","97,969","37,755","71,110","104,573","44,340","68,362","90,328","40,405"
정릉1동,"96,861","79,074","142,598","78,896","65,555","96,048","94,606","108,660","61,815"
정릉2동,"73,326","77,743","65,124","61,203","77,794","41,294","123,480","140,935","71,116"
정릉3동,,"68,031",,,"92,429",,"73,789","92,668","44,121"
정릉4동,"88,563","99,900","61,638","89,029","107,407","57,524","96,165","112,501","70,221"
길음1동,"96,126","131,826","79,466","129,965","163,930","93,574","114,431","111,429","116,934"
길음2동,"102,201","140,354","42,852","69,952","92,243","49,891","64,344","68,158","62,198"
종암동,"63,088","84,854","39,580","66,921","82,206","37,444","82,488","78,444","87,880"
월곡1동,"81,158","92,419","65,000","80,626","98,782","56,885","86,359","106,599","49,927"
월곡2동,"73,775","92,262","49,372","78,212","101,602","48,140","86,852","111,515","45,747"
장위1동,"59,092","72,829","25,513","44,876","51,051","34,377",,"62,372",
장위2동,"68,815","82,935","32,505","53,127","66,364","40,442","57,632","69,745","35,609"
장위3동,"58,794","78,065","30,959","53,795","72,383","25,912","68,306","92,292","49,855"
석관동,"69,087","79,241","42,573","72,998","87,550","25,985","71,751","81,099","57,729"
강북구,"73,525","86,769","48,286","78,747","95,553","47,750","84,489","94,208","64,069"
삼양동,"77,620","82,281","70,336","75,960","94,350","46,253","87,161","107,120","66,204"
미아동,"72,993","86,166","37,134","75,531","89,508","41,986","85,609","100,535","41,579"
송중동,"99,325","129,273","46,418","103,606","118,646","57,693","98,704","116,608","64,688"
송천동,"65,128","76,316","45,838","66,597","75,481","40,501","85,344","86,410","83,327"
삼각산동,"106,989","101,463","112,121","115,144","126,385","103,903","105,536","123,946","76,296"
번1동,"75,185","92,005","51,076","84,590","109,523","47,653","82,455","93,447","62,984"
번2동,"48,597","65,831","31,363",,,"27,541","58,333","58,212","58,575"
번3동,"82,098","100,524","32,083","54,574","84,347","27,778","65,274","87,023","50,217"
수유1동,"53,915","69,166","32,034","70,599","95,783","37,953","84,615","102,463","42,968"
수유2동,"58,755","68,351","31,246","69,359","96,152","26,489","76,506","71,119","89,262"
수유3동,"84,590","96,657","60,737","83,447","101,589","58,327","93,100","108,088","58,391"
우이동,"66,268","77,351","21,934","72,370","76,808","43,082","86,295","73,729","140,748"
인수동,"49,965","59,601","30,235","56,474","66,103","33,511","56,490","64,565","31,793"
도봉구,"71,116","88,721","44,025","75,980","93,369","48,124","80,609","97,494","51,583"
창1동,"78,959","108,236","55,537","72,074","89,387","44,869","92,438","89,133","99,048"
창2동,"60,524","74,266","39,912","57,006","71,577","30,105","63,027","80,877","36,721"
창3동,"59,358","66,846","30,905","52,210","63,676","30,041","57,321","69,503","23,214"
창4동,"104,472","197,535","62,755","103,971","170,262","62,825","102,891","213,494","63,645"
창5동,"80,527","116,445","45,665","121,497","162,602","61,707","97,746","139,605","47,838"
도봉1동,"72,585","79,659","51,806","71,022","79,880","49,219","70,080","69,813","70,950"
도봉2동,"66,313","80,415","44,074","75,610","88,413","61,586","78,878","96,561","53,508"
쌍문1동,"53,619","68,212","31,728","56,475","66,169","32,239","66,833","87,915","30,418"
쌍문2동,"65,985","83,719","37,985","78,030","102,009","43,561","69,178","88,304","39,122"
쌍문3동,"65,855","77,281","34,693","83,792","93,704","54,057","91,811","117,110","41,214"
쌍문4동,"71,652","105,505","50,109","67,467","97,328","51,179","122,494","137,556","92,371"
방학1동,"74,990","97,356","36,968","72,434","84,883","36,218","80,444","97,545","43,224"
방학2동,"56,023","63,022","21,027","49,843","66,879","22,786","85,979","98,968","21,032"
방학3동,"68,854","93,642","37,869","79,221","78,839","79,602","63,926","60,306","66,153"
노원구,"86,306","112,296","54,785","92,816","124,800","54,528","98,608","124,832","68,457"
월계1동,"68,258","82,745","48,339","74,327","97,538","47,451","75,520","104,023","40,231"
월계2동,"76,817","100,954","47,317","75,381","92,116","48,604","98,146","87,467","108,826"
월계3동,"80,577","122,158","55,629","130,078","202,403","57,753","68,689","91,098","49,481"
공릉1동,"79,296","91,652","51,641","73,300","94,435","46,127","85,187","108,172","51,858"
공릉2동,"81,388","104,419","51,776","91,923","106,538","59,253","78,776","94,064","55,844"
하계1동,"69,573","81,425","56,809","81,668","103,594","40,252","85,548","72,492","92,386"
하계2동,,,,,,"68,371",,,"64,292"
중계본동,"79,131","108,322","44,101","89,088","117,302","51,897","113,023","158,470","69,968"
중계1동,"108,329","172,012","58,052","90,904","150,374","53,060","127,159","195,160","91,680"
중계4동,"92,578","128,852","66,669","128,016","219,673","43,410","106,468","136,504","56,408"
중계2.3동,"105,203","158,113","66,011","169,783","235,082","71,836","116,653","217,202","72,936"
상계1동,"78,658","101,493","48,436","82,042","109,349","52,194","86,693","114,358","55,338"
상계2동,"96,370","129,713","52,170","134,304","171,658","78,272","127,077","155,365","84,316"
상계3.4동,"74,679","88,881","45,326","58,437","71,083","33,935","79,853","83,046","72,150"
상계5동,"70,057","77,150","59,813","72,136","99,386","35,075","72,304","92,860","39,848"
상계6.7동,"101,878","153,233","55,929","95,819","142,408","68,643","106,592","149,356","72,779"
상계8동,"87,748","115,457","41,565","96,278","159,196","42,349",,"168,382",
상계9동,"93,771","155,410","45,830","65,734","96,069","55,622","128,699","200,272","66,072"
상계10동,,"72,979",,,,,,,"165,121"
은평구,"79,164","98,692","45,614","87,165","97,677","65,970","86,558","100,619","57,852"
녹번동,"74,602","92,584","35,467","90,820","111,278","68,726","78,701","92,961","54,143"
불광1동,"79,231","97,228","41,953","86,368","99,457","51,464","105,115","120,516","67,126"
불광2동,"94,134","122,509","50,154","101,006","116,924","69,169","87,711","108,567","56,011"
갈현1동,"73,951","99,067","42,773","99,078","100,450","96,992","85,768","107,345","51,744"
갈현2동,"71,271","90,464","41,916","90,426","115,572","39,040","87,996","110,795","38,751"
구산동,"67,637","91,571","31,737","74,618","83,371","50,109","63,738","76,072","34,136"
대조동,"91,311","113,891","53,051","95,988","106,714","74,893","90,976","96,907","75,449"
응암1동,"67,576","88,814","41,028","85,497","106,325","44,999","78,479","123,237","37,917"
응암2동,"101,630","123,167","80,094",,"78,685",,"67,763","89,453","39,876"
응암3동,"78,633","97,903","30,458","85,404","93,655","60,164","84,780","97,392","47,608"
역촌동,"81,719","96,642","46,897","69,291","82,271","44,674","81,826","91,046","55,484"
신사1동,"67,288","84,687","41,858","73,698","77,343","63,169","91,326","105,503","54,871"
신사2동,"51,824","64,266","31,606","85,839","63,006","126,937","65,681","83,365","28,347"
증산동,"63,476","71,387","53,305","79,516","90,178","53,929","65,459","68,892","56,410"
수색동,,"68,185",,,"62,441",,,"81,075",
진관동,"116,793","132,291","84,077","111,248","111,385","111,092","124,348","132,925","114,055"
서대문구,"94,632","117,209","59,699","95,589","118,866","61,874","111,067","133,053","71,831"
천연동,"75,537","85,783","56,508","80,708","95,848","47,401","111,464","130,270","91,212"
북아현동,"90,827","131,423","39,161","81,086","86,325","68,644","163,289","182,849","114,390"
충현동,"91,935","113,885","52,656","91,088","106,178","66,566","94,306","108,950","65,994"
신촌동,"139,805","195,985","69,782","128,150","179,659","80,236","150,202","203,177","85,533"
연희동,"89,539","105,939","74,338","82,434","96,140","63,588","87,479","99,908","67,281"
홍제1동,"91,213","105,239","72,087","81,133","92,621","66,943","105,152","128,443","63,561"
홍제3동,"73,171","94,184","41,652","62,597","85,122","33,033","87,829","105,153","38,332"
홍제2동,"98,300","123,260","65,853","107,071","149,384","59,469","110,287","126,588","72,251"
홍은1동,"61,527","69,683","47,096","52,846","56,791","47,585","104,845","111,750","85,511"
홍은2동,"68,190","94,313","40,325","65,871","86,412","33,005","58,051","72,582","42,889"
남가좌1동,,"143,935",,,"169,731",,"180,369","208,061","92,676"
남가좌2동,"69,051","77,550","32,739","92,341","113,053","39,872","95,830","99,440","84,518"
북가좌1동,"95,496","95,141","96,088",,"86,776",,"70,750","88,982","48,871"
북가좌2동,"61,594","73,780","32,956","74,385","95,318","42,986","90,960","109,813","38,442"
마포구,"108,640","139,168","79,669","115,053","139,148","91,394","129,106","151,461","110,716"
아현동,"126,111","153,920","91,349","147,720","180,031","94,729","155,584","185,246","123,580"
공덕동,"89,129","95,971","84,378","87,382","104,575","73,729","91,392","109,827","77,566"
도화동,"108,687","153,545","68,429","130,690","176,668","81,540","142,867","179,920","116,930"
용강동,"105,297","147,724","86,689","132,031","145,243","124,276","118,640","168,489","97,380"
대흥동,"147,216","189,124","82,258","112,879","134,470","83,437","143,358","151,072","133,775"
염리동,"101,286","96,581","105,991","81,368","105,398","48,600","135,960","127,690","145,781"
신수동,"66,334","73,226","55,994","76,472","85,863","61,342","114,023","141,567","69,951"
서강동,"121,123","140,500","93,059","115,885","137,029","100,026","134,314","157,048","112,613"
서교동,"115,435","161,734","84,923","126,234","161,774","102,541","149,183","181,586","128,110"
합정동,"92,462","126,371","59,424","91,278","110,400","74,763","122,350","139,836","104,556"
망원1동,"110,504","136,342","60,896","94,691","105,116","69,373","113,829","136,836","79,319"
망원2동,"95,064","112,102","60,175","108,242","123,126","63,589","97,639","103,709","85,715"
연남동,"82,498","90,022","71,554","108,557","117,534","95,766","116,347","123,462","112,580"
성산1동,"73,640","85,827","57,235","69,086","92,132","50,107","82,790","110,450","60,364"
성산2동,"120,074","182,732","54,433","99,446","111,204","81,498","108,517","129,281","86,741"
상암동,"136,817","184,038","100,221","149,725","206,776","93,862","134,475","162,006","116,246"
양천구,"89,925","112,903","54,268","84,737","103,826","63,164","94,361","112,082","68,482"
목1동,"130,930","203,297","78,464","123,474","160,031","105,569","120,111","165,301","92,495"
목2동,"84,606","100,781","49,769","104,502","126,965","68,765","113,044","152,207","68,287"
목3동,"85,315","104,432","58,552","72,631","75,610","70,272","98,995","118,485","55,430"
목4동,"94,993","108,666","47,593","76,717","92,502","47,006","78,516","92,614","50,321"
목5동,"147,615","192,532","85,121","121,836","167,566","88,300","112,775","194,514","79,638"
신월1동,"58,781","76,759","25,071","72,597","92,220","24,432","80,408","92,895","36,703"
신월2동,"60,657","70,164","40,586","60,624","76,126","34,788","64,421","74,017","44,270"
신월3동,"53,714","64,182","39,320","81,205","93,487","58,005","93,885","84,520","113,955"
신월4동,"69,689","88,784","32,968","61,762","81,338","42,186","82,541","92,775","54,400"
신월5동,"52,891","63,466","28,216","68,802","73,111","57,789","64,414","72,900","42,812"
신월6동,,"118,808",,"50,177","59,483","34,223","58,373","65,529","38,334"
신월7동,"44,704","66,320","34,269","58,286","69,695","41,172","68,528","82,040","40,377"
신정1동,"87,606","118,755","39,468","76,521","101,616","49,494","94,740","112,120","50,780"
신정2동,"96,535","106,141","60,248","89,856","119,215","52,110","85,261","106,588","51,390"
신정3동,"78,258","100,785","45,218","88,336","129,793","41,697","100,500","117,357","79,104"
신정4동,"79,988","97,942","45,921","71,043","92,880","48,751","92,906","111,394","66,952"
신정6동,"143,067","208,940","102,529","104,016","174,071","75,994","135,769","239,828","88,470"
신정7동,"122,195","167,649","64,345","72,055","91,565","50,772","109,104","131,673","80,517"
강서구,"84,540","104,046","56,085","83,597","103,100","57,060","100,028","121,232","70,581"
염창동,"75,227","93,644","56,809","76,172","98,594","52,304","74,548","100,671","48,424"
등촌1동,"62,568","79,944","49,985","75,167","100,648","45,254","79,963","96,124","60,570"
등촌2동,"119,541","134,971","54,734","62,504","75,515","39,734","75,923","83,843","55,764"
등촌3동,"104,735","152,766","66,076","91,611","130,903","66,423","115,157","152,072","94,570"
화곡1동,"79,301","100,271","42,739","72,013","88,761","49,355","84,507","97,136","63,563"
화곡2동,"91,338","113,766","40,075","54,445","75,410","36,974","69,749","81,566","36,267"
화곡3동,"81,222","95,792","53,295","91,590","99,385","82,959","95,970","122,986","63,952"
화곡4동,"83,155","106,551","32,670","84,008","110,520","30,985","94,404","109,755","49,159"
화곡본동,"73,327","94,983","48,252","78,962","90,688","39,598","93,285","114,726","66,484"
화곡6동,"75,968","99,403","47,406","68,128","88,842","42,235","93,493","118,053","67,568"
화곡8동,"103,407","123,059","48,026","100,852","123,528","57,562","96,460","116,268","63,777"
가양1동,"107,886","127,501","94,156","147,825","178,143","116,559","148,735","215,246","87,638"
가양2동,"107,029","152,572","70,594",,,"56,597","106,863","151,708","68,424"
가양3동,,,"41,692",,,"72,263","64,672","92,691","42,879"
발산1동,"92,068","118,076","52,574","83,292","101,649","54,655","98,987","113,719","70,701"
우장산동,"91,402","105,797","70,122","76,915","104,921","42,375","108,477","116,223","93,518"
공항동,"77,535","74,727","84,555","82,005","85,602","69,298","89,229","99,521","70,229"
방화1동,"76,799","90,732","50,749","84,216","102,122","58,224","103,749","129,299","62,619"
방화2동,"66,475","71,929","50,659","59,904","81,074","23,613","66,372","77,567","38,816"
방화3동,"78,846","108,610","54,494","85,203","116,249","48,983","116,274","134,518","89,609"
구로구,"89,173","112,518","69,378","92,269","113,747","72,887","93,470","109,148","78,297"
신도림동,"142,559","208,722","76,396","119,393","151,514","76,993","116,142","121,774","104,032"
구로1동,,,,"72,537","86,929","55,267","108,485","142,501","61,713"
구로2동,"91,104","107,496","82,265","92,650","118,927","79,617","89,487","104,112","81,174"
구로3동,"101,316","147,968","83,033","118,182","167,587","90,801","128,652","167,917","110,448"
구로4동,"83,521","96,946","53,573","118,242","156,509","56,286","100,991","120,366","52,552"
구로5동,"79,911","108,064","59,802","86,147","93,932","83,456","85,615","92,286","81,890"
가리봉동,"52,042","65,427","38,658","97,472","109,787","71,302","61,542","72,421","39,786"
고척1동,"67,965","96,804","43,563","74,088","99,288","44,308","78,325","100,570","44,957"
고척2동,"91,686","116,836","49,769","48,202","54,861","36,659","70,118","83,919","37,684"
개봉1동,"72,434","78,341","62,892","60,324","66,935","46,630","72,231","87,954","41,835"
개봉2동,"107,958","143,690","40,959","85,131","106,812","47,682","96,350","113,637","49,674"
개봉3동,,"57,321",,"80,659","92,285","34,157","60,596","80,875","35,246"
오류1동,"95,301","132,035","64,217","87,857","103,795","37,389","104,114","122,716","71,983"
오류2동,"102,431","130,276","67,626","91,726","107,624","66,113","93,207","117,482","61,649"
수궁동,"60,120","74,819","21,901","53,545","73,547","31,876","65,020","80,324","35,802"
금천구,"76,314","95,812","59,385","79,809","104,496","56,827","83,747","101,780","67,624"
가산동,"87,462","105,435","81,471","83,079","109,674","72,679","105,672","125,779","97,529"
독산1동,"58,226","64,944","52,349","68,259","89,066","48,938","72,063","94,002","51,059"
독산2동,"57,195","64,722","37,436","60,602","76,637","35,215","75,071","88,681","40,593"
독산3동,"63,601","93,400","36,510","64,171","76,784","41,466","67,708","87,164","44,917"
독산4동,"71,864","84,999","39,024","81,420","93,628","39,370","72,559","75,737","51,372"
시흥1동,"96,667","125,852","42,719","102,198","134,103","45,895","87,939","110,923","40,619"
시흥2동,,,,,"129,892",,,,"36,981"
시흥3동,"59,475","87,073","38,245","65,362","105,979","32,057","60,885","109,180","37,051"
시흥4동,"66,452","86,682","43,332","93,940","118,585","55,210","54,425","70,710","23,891"
시흥5동,"68,788","75,737","47,939","82,492","98,896","39,431","88,697","103,471","63,087"
영등포구,"81,300","100,774","61,248","90,503","107,821","71,419","94,993","113,200","74,272"
영등포본동,"69,039","116,424","41,398","65,314","77,801","48,664","90,503","129,014","62,262"
영등포동,"87,633","115,250","58,731","108,374","114,646","99,124","111,146","126,757","86,218"
여의동,"106,573","189,916","77,055","119,707","184,526","95,559","114,569","188,554","89,527"
당산1동,"63,214","76,720","51,550","78,728","100,807","53,619","74,797","86,725","61,454"
당산2동,"101,340","123,140","85,485","135,273","171,458","93,728","113,557","161,078","66,037"
도림동,"61,011","75,922","39,218","66,269","76,753","53,163","105,500","120,744","62,309"
문래동,"82,836","105,312","64,501","72,415","92,500","50,823","91,284","99,510","80,931"
양평1동,"63,145","67,462","55,129","62,044","64,988","56,785","73,575","75,235","70,255"
양평2동,"90,910","98,364","70,785","91,952","120,134","63,770","104,598","135,771","69,828"
신길1동,"80,606","100,772","45,651","67,903","80,681","46,994","76,170","99,244","39,251"
신길3동,"56,142","73,772","26,760","138,322","146,986","122,233","92,420","108,694","31,973"
신길4동,"46,380","60,608","26,460",,"75,017",,,"88,338",
신길5동,,"125,913",,"63,360","75,537","51,183",,"79,741",
신길6동,"74,590","97,773","49,624","68,999","82,683","47,333","82,456","99,569","56,129"
신길7동,"68,034","92,205","29,361",,"87,571",,"135,610","115,363","163,449"
대림1동,"78,307","70,614","93,691","73,053","83,912","33,959","62,507","76,524","36,032"
대림2동,"84,942","104,468","52,863","83,232","88,093","74,049","93,233","102,665","83,305"
대림3동,"57,144","74,459","34,059","62,960","81,205","36,294","63,364","78,095","43,046"
동작구,"103,821","135,269","58,721","98,922","111,428","80,616","110,828","127,506","82,663"
노량진1동,"134,378","165,972","75,703","146,363","159,637","119,816","142,764","161,144","109,835"
노량진2동,"79,804","97,750","43,913","70,476","107,553","39,103","117,756","112,653","123,496"
상도1동,"109,719","145,862","61,918","88,602","104,515","66,178","93,584","114,358","64,499"
상도2동,"84,080","110,139","51,006","92,071","91,427","93,069","103,788","126,131","68,302"
상도3동,"120,297","166,060","47,078","90,236","96,111","74,959","96,305","114,919","74,406"
상도4동,"79,508","88,828","45,332","86,017","103,338","63,884","90,084","103,100","47,784"
흑석동,"88,324","111,124","60,096","117,218","102,711","132,331","122,735","156,204","78,111"
사당1동,"106,846","133,617","63,342","84,300","92,017","63,720","94,805","103,432","73,031"
사당2동,"159,582","219,267","74,647","118,918","135,033","101,402","141,072","179,565","81,195"
사당3동,"94,051","125,750","56,589","104,007","144,330","75,544","112,226","113,830","108,872"
사당4동,"92,213","135,591","42,161","110,322","120,821","70,425","113,571","139,441","61,833"
사당5동,"69,164","77,625","53,934","80,162","71,245","100,970","71,493","80,140","45,552"
대방동,"83,265","117,053","52,644","74,082","93,826","57,159","106,576","136,575","42,580"
신대방1동,"79,183","92,882","68,908","91,445","109,374","48,865","121,040","103,013","151,547"
신대방2동,"83,778","109,570","42,815","101,244","147,157","55,330","95,100","117,311","76,220"
관악구,"89,527","113,812","55,529","97,164","121,802","55,629","98,805","121,236","63,477"
보라매동,"88,596","110,100","60,766","90,092","104,332","51,442","75,739","104,871","43,180"
청림동,,,"47,730",,"59,155",,"82,826","81,876","83,354"
성현동,"62,763","70,129","50,486",,"92,624",,"73,020","77,463","66,725"
행운동,"92,112","118,660","55,785","92,605","102,945","64,685","89,095","117,112","59,076"
낙성대동,"94,450","127,862","53,613","114,491","146,316","48,395","120,121","146,754","81,195"
청룡동,"92,950","105,045","77,830","118,912","157,756","60,646","138,043","158,635","78,840"
은천동,"84,789","111,000","37,610","103,314","125,700","33,672","101,489","128,256","52,612"
중앙동,"86,840","103,937","55,276","103,641","127,230","63,541","94,862","124,723","52,706"
인헌동,"112,221","168,026","50,215","118,242","140,794","65,621","120,721","140,848","46,253"
남현동,,,"79,007","108,480","126,212","86,807","109,342","131,096","85,611"
서원동,"115,345","149,963","84,188","105,478","161,730","73,333","124,026","166,866","94,714"
신원동,"104,283","126,553","47,371","87,605","117,953","33,654","106,183","121,397","45,327"
서림동,"83,419","103,142","43,972","92,074","104,027","70,558","68,574","82,437","45,006"
신사동,"93,692","119,377","42,321","72,683","98,741","36,202","81,762","103,895","51,882"
신림동,"125,254","157,209","80,516","119,811","154,066","76,212","117,855","134,174","86,701"
난향동,,,"47,822",,,"50,694","125,173","158,961","86,558"
조원동,"59,433","80,000","34,459","86,523","106,308","49,997","73,288","84,983","46,340"
대학동,"96,919","115,818","56,898","95,300","122,762","44,954","84,018","108,620","51,508"
삼성동,"35,161","39,363","29,278",,"82,609",,"68,934","90,408","36,722"
미성동,"70,247","85,308","36,361","68,094","97,806","42,838","90,179","117,288","48,008"
난곡동,"77,543","104,390","35,782","89,174","106,069","49,752","74,054","90,811","43,332"
서초구,"105,799","136,994","78,728","103,093","126,237","82,824","116,732","146,216","91,960"
서초1동,"115,134","163,983","75,258","87,952","128,290","55,085","95,193","128,515","65,572"
서초2동,"139,181","195,640","102,360","109,921","147,364","91,488","139,151","193,891","111,467"
서초3동,"89,941","109,324","69,493","106,645","125,353","92,818","114,412","143,721","90,965"
서초4동,"141,521","216,328","94,194","118,482","159,988","99,616","106,411","131,203","89,883"
잠원동,"99,352","129,624","81,693","115,258","129,378","104,583","122,408","138,605","110,711"
반포본동,"162,021","191,079","132,963",,"153,403",,,"136,751",
반포1동,"128,718","152,953","84,908","148,516","148,458","148,583","147,360","168,454","130,257"
반포2동,"267,347","378,443","193,283",,,"141,866","242,072","310,547","179,822"
반포3동,"120,541","168,730","89,218","140,089","149,375","129,374","165,314","264,895","127,971"
반포4동,"125,003","173,873","100,569","101,955","143,534","83,661","144,322","297,122","101,280"
방배본동,"94,225","126,583","54,561","95,029","118,203","57,370","107,656","128,623","76,861"
방배1동,"82,732","104,977","65,827","106,347","151,350","56,151","98,495","131,013","70,370"
방배2동,"80,460","96,319","61,297","91,620","98,063","79,346","122,225","152,503","91,947"
방배3동,"76,885","93,921","51,331","96,306","122,733","56,667","71,983","75,896","65,461"
방배4동,"86,528","101,020","70,146","85,734","105,038","59,775","113,178","133,372","85,251"
양재1동,"105,489","140,060","72,154","102,020","133,640","70,401","118,600","141,987","95,213"
양재2동,"69,863","94,613","52,299","76,621","97,652","59,457","78,987","107,321","56,873"
내곡동,,"96,297",,,"123,139",,"105,490","121,120","66,417"
강남구,"119,074","152,932","87,624","124,487","160,939","98,524","127,807","161,553","103,703"
신사동,"140,300","187,291","100,670","111,441","164,155","88,411","133,122","203,204","86,067"
논현1동,"111,967","146,010","80,078","113,293","159,811","78,933","126,036","156,528","101,853"
논현2동,"91,662","116,750","72,291","102,081","128,340","83,881","108,530","144,376","88,121"
압구정동,"110,190","168,957","71,598","152,849","228,772","90,086","126,898","178,581","89,510"
청담동,"127,563","171,864","87,620","118,482","152,328","104,861","119,193","156,320","100,211"
삼성1동,"107,187","137,483","88,597","130,723","164,930","106,968","157,813","160,816","156,023"
삼성2동,"111,258","142,256","77,376","133,526","168,542","108,723","142,183","173,215","119,696"
대치1동,"162,101","180,678","109,467","185,380","247,876","148,618","156,337","249,731","105,748"
대치2동,"116,500","137,807","89,866","106,682","121,227","96,590","138,614","185,693","108,151"
대치4동,"129,401","176,342","77,044","138,281","171,487","103,159","136,382","160,510","114,110"
역삼1동,"128,425","156,949","105,220","137,875","164,925","117,252","140,715","162,651","126,317"
역삼2동,"136,557","184,142","83,533","128,393","162,245","108,794","150,673","179,305","117,269"
도곡1동,"164,351","212,502","103,529","122,463","142,213","94,249","124,215","158,411","93,682"
도곡2동,"137,627","130,637","143,982","154,900","160,622","149,656","125,730","170,968","100,283"
개포1동,,"77,487",,,"126,274",,,"73,611",
개포2동,"91,564","112,068","61,947","128,538","164,932","40,154","90,360","112,565","60,753"
개포4동,"64,177","77,748","53,738","60,183","89,923","45,932","65,187","80,465","43,169"
세곡동,,,,"113,860","153,275","86,892","110,542","152,192","74,099"
일원본동,,,,,"250,258",,"119,521","170,525","85,518"
일원1동,"88,291","88,798","86,454","102,032","115,867","52,225","101,076","118,300","72,974"
일원2동,,,,,,"74,998","98,287","149,541","77,785"
수서동,,,,,,"143,553","125,553","186,084","115,465"
송파구,"94,497","120,875","66,843","95,140","121,999","68,781","106,669","129,242","79,789"
풍납1동,,"116,268",,"105,790","84,663","145,402","78,278","91,039","39,995"
풍납2동,"86,604","106,849","44,556","65,182","90,702","42,852","74,419","91,474","48,268"
거여1동,"77,737","93,494","40,493","51,885","62,201","34,349","77,661","96,162","31,409"
거여2동,"64,828","92,291","47,252","79,681","112,196","45,254","94,239","102,183","81,529"
마천1동,"61,930","74,653","42,847","55,946","66,395","24,598","80,503","88,668","34,775"
마천2동,"64,400","89,358","27,696","68,433","87,882","38,042","66,210","79,422","34,124"
방이1동,"83,757","110,683","55,708","81,521","119,300","52,377","80,854","109,800","54,224"
방이2동,"93,216","124,694","55,837","91,420","128,346","49,991","95,203","124,374","56,676"
오륜동,,"315,429",,"236,244","325,994","168,932","210,943","257,910","130,430"
오금동,"62,428","87,173","36,799","79,493","92,455","64,467","83,177","93,711","67,652"
송파1동,"73,873","94,366","48,433","81,977","109,233","56,119","82,918","105,032","54,828"
송파2동,"74,248","95,515","50,854","97,084","127,557","55,530","89,384","115,228","48,772"
석촌동,"85,283","107,417","56,906","90,110","113,318","54,717","94,838","109,051","60,996"
삼전동,"88,382","109,938","57,982","89,101","118,205","58,012","94,331","109,652","54,610"
가락본동,"84,667","118,353","49,959","84,121","115,916","54,312","93,584","109,227","81,603"
가락1동,,"54,274",,"43,764","33,278","91,353","80,749","59,889","139,155"
가락2동,"79,394","104,456","46,312","72,659","102,803","47,899","78,865","98,166","49,310"
문정1동,"72,793","86,486","50,169","68,646","86,756","43,637","96,250","103,583","81,126"
문정2동,"85,146","180,911","77,275","114,578","227,941","85,740","127,811","233,478","88,581"
장지동,"90,877","123,154","50,106","100,401","126,048","64,495","78,003","91,754","63,271"
위례동,,,,"215,278","325,130","114,580","221,604","275,544","113,724"
잠실본동,"107,646","149,521","54,351","107,404","146,458","62,074","105,609","134,204","68,654"
잠실2동,"270,018","491,012","177,937","297,996","564,248","176,972","249,325","368,169","193,865"
잠실3동,"234,261","301,106","202,804","173,914","306,242","127,211","169,316","286,592","127,431"
잠실4동,"248,207","385,101","152,381",,,"153,077","232,346","364,540","114,841"
잠실6동,"118,705","163,989","100,915","110,042","220,864","82,337","159,435","276,536","109,249"
잠실7동,,,,,,,,"158,676",
강동구,"85,288","108,744","52,421","83,302","106,360","53,611","87,539","106,293","57,549"
강일동,"103,534","198,015","59,442","101,267","209,951","68,190","147,843","278,214","79,226"
상일동,"69,891","73,740","59,627","62,602","78,006","44,397","73,866","81,857","57,159"
명일1동,"110,580","142,335","48,204","84,827","104,705","55,009","91,176","106,703","51,249"
명일2동,"83,175","130,007","50,393","75,058","118,499","43,201","72,413","97,650","51,381"
고덕1동,"55,735","56,764","54,362","53,017","72,602","39,028","71,485","65,833","81,174"
고덕2동,"72,944","83,981","50,869","67,217","74,417","39,856","88,139","102,289","52,767"
암사1동,"77,634","90,708","46,668","72,486","96,577","42,955","98,238","125,743","44,115"
암사2동,"78,480","87,802","70,005","78,783","118,461","39,104","86,610","109,202","46,446"
암사3동,"123,655","178,321","77,399","116,099","157,124","68,237","96,430","95,201","97,220"
천호1동,"64,866","79,740","36,685","76,807","93,137","44,145","73,602","99,642","37,147"
천호2동,"93,526","121,820","59,572","88,821","108,304","60,814","76,419","87,182","61,913"
천호3동,"95,316","121,307","67,921","103,259","133,655","71,693","103,483","119,238","71,973"
성내1동,"68,476","83,555","48,488","61,492","86,637","40,173","72,921","96,463","45,548"
성내2동,"86,776","103,862","56,402","95,947","102,767","75,912","99,081","115,232","60,172"
성내3동,"91,536","125,313","44,119","89,853","119,866","50,502","81,856","101,254","52,758"
길동,"87,950","110,465","43,682","88,803","108,907","56,092","96,302","108,313","72,065"
둔촌1동,,,"47,152",,,"42,958",,,
둔촌2동,"65,950","83,184","43,157","73,409","86,268","58,169","72,690","92,677","43,619"
