서울시 전체,38204 ,80636 ,160 ,83 ,38284 ,80213 ,158 ,79 ,37002 ,77089 ,158 ,79 
종로구,22324 ,58734 ,64 ,129 ,20743 ,53547 ,64 ,99 ,19869 ,50045 ,64 ,99 
청운효자동,13092 ,24766 ,54 ,29 ,13195 ,24233 ,52 ,44 ,13551 ,24113 ,52 ,44 
사직동,27081 ,113924 ,79 ,585 ,23823 ,98642 ,81 ,410 ,22475 ,91908 ,81 ,410 
삼청동,5059 ,17029 ,20 ,29 ,4419 ,15506 ,20 ,42 ,4184 ,14904 ,20 ,42 
부암동,3853 ,21802 ,46 ,14 ,4767 ,26355 ,45 ,19 ,4692 ,26119 ,45 ,19 
평창동,1445 ,7105 ,22 ,3 ,1492 ,6533 ,22 ,28 ,1493 ,6796 ,22 ,28 
무악동,36682 ,78440 ,181 ,19 ,36209 ,78460 ,179 ,13 ,36031 ,77233 ,179 ,13 
교남동,63905 ,96368 ,299 ,120 ,68690 ,97538 ,297 ,30 ,65798 ,87102 ,297 ,30 
가회동,18829 ,68635 ,79 ,391 ,16602 ,62118 ,78 ,208 ,14588 ,56376 ,78 ,208 
종로1.2.3.4가동,26930 ,134354 ,30 ,591 ,23083 ,116188 ,30 ,401 ,19435 ,98405 ,30 ,401 
종로5.6가동,70725 ,175871 ,88 ,328 ,62804 ,150109 ,87 ,260 ,61437 ,141274 ,87 ,260 
이화동,42223 ,163654 ,108 ,235 ,40793 ,152739 ,105 ,58 ,36830 ,143730 ,105 ,58 
혜화동,65668 ,130588 ,146 ,43 ,59496 ,117122 ,145 ,65 ,56870 ,110998 ,145 ,65 
창신1동,117350 ,207828 ,186 ,100 ,91486 ,156067 ,176 ,44 ,88657 ,152031 ,176 ,44 
창신2동,186196 ,189444 ,343 ,25 ,186047 ,190382 ,333 ,13 ,189881 ,188923 ,333 ,13 
창신3동,51872 ,94328 ,329 ,21 ,54271 ,104715 ,330 ,14 ,56666 ,110239 ,330 ,14 
숭인1동,106464 ,172849 ,233 ,29 ,97882 ,162487 ,261 ,19 ,100455 ,169193 ,261 ,19 
숭인2동,145507 ,219742 ,290 ,80 ,134282 ,206253 ,263 ,54 ,126361 ,187066 ,263 ,54 
중구,51026 ,138137 ,120 ,531 ,48398 ,127066 ,125 ,336 ,44917 ,115706 ,125 ,336 
소공동,26225 ,162542 ,12 ,1489 ,21610 ,133101 ,22 ,845 ,19063 ,117491 ,22 ,845 
회현동,33237 ,157872 ,50 ,844 ,28764 ,138865 ,58 ,646 ,24472 ,117230 ,58 ,646 
명동,48088 ,198054 ,29 ,1686 ,40347 ,166710 ,28 ,733 ,32387 ,133444 ,28 ,733 
필동,13854 ,44407 ,28 ,167 ,10523 ,33166 ,28 ,119 ,9425 ,30182 ,28 ,119 
장충동,16230 ,47421 ,46 ,94 ,15104 ,42057 ,46 ,103 ,13873 ,39007 ,46 ,103 
광희동,43275 ,153885 ,66 ,531 ,42112 ,145755 ,66 ,571 ,39994 ,134748 ,66 ,571 
을지로동,59441 ,152923 ,28 ,480 ,55818 ,143409 ,29 ,259 ,51093 ,130938 ,29 ,259 
신당동,112677 ,235915 ,135 ,267 ,106590 ,215018 ,140 ,60 ,98415 ,197960 ,140 ,60 
다산동,78991 ,155276 ,275 ,147 ,75600 ,152480 ,270 ,123 ,71719 ,145606 ,270 ,123 
약수동,39697 ,146228 ,349 ,60 ,50626 ,165196 ,344 ,347 ,46824 ,148656 ,344 ,347 
청구동,120812 ,184632 ,425 ,84 ,114310 ,174523 ,415 ,90 ,116682 ,181802 ,415 ,90 
신당5동,101567 ,172444 ,290 ,65 ,102772 ,176246 ,286 ,29 ,96078 ,170012 ,286 ,29 
동화동,84231 ,147870 ,344 ,85 ,87345 ,164848 ,340 ,46 ,81204 ,154655 ,340 ,46 
황학동,163965 ,200059 ,378 ,98 ,162871 ,204993 ,383 ,52 ,159208 ,205843 ,383 ,52 
중림동,45293 ,95000 ,163 ,157 ,44641 ,89494 ,260 ,89 ,44165 ,92023 ,260 ,89 
용산구,26858 ,59384 ,106 ,83 ,27337 ,58795 ,106 ,83 ,25994 ,56004 ,106 ,83 
후암동,40144 ,80019 ,210 ,39 ,40492 ,81440 ,207 ,27 ,39958 ,80090 ,207 ,27 
용산2가동,15588 ,20790 ,51 ,17 ,17035 ,22434 ,51 ,9 ,17170 ,22671 ,51 ,9 
남영동,26919 ,91226 ,106 ,443 ,23818 ,77520 ,106 ,269 ,22563 ,70029 ,106 ,269 
청파동,80524 ,153646 ,234 ,94 ,79732 ,149202 ,229 ,71 ,71577 ,133285 ,229 ,71 
원효로1동,75630 ,148841 ,240 ,291 ,85333 ,174889 ,269 ,78 ,83786 ,172781 ,269 ,78 
원효로2동,32019 ,67791 ,163 ,58 ,35230 ,73767 ,159 ,51 ,34432 ,71027 ,159 ,51 
효창동,75140 ,103036 ,194 ,40 ,75584 ,102849 ,187 ,35 ,79542 ,108880 ,187 ,35 
용문동,110604 ,181242 ,451 ,37 ,97055 ,163472 ,437 ,93 ,96567 ,160562 ,437 ,93 
한강로동,14800 ,60306 ,46 ,212 ,13691 ,52070 ,51 ,139 ,14921 ,54637 ,51 ,139 
이촌1동,26778 ,50599 ,129 ,10 ,28065 ,51289 ,132 ,51 ,25714 ,49251 ,132 ,51 
이촌2동,10607 ,14962 ,75 ,4 ,12636 ,17302 ,75 ,24 ,10079 ,14217 ,75 ,24 
이태원1동,41181 ,112607 ,119 ,101 ,34834 ,96472 ,117 ,225 ,30404 ,87824 ,117 ,225 
이태원2동,36136 ,67187 ,108 ,30 ,36442 ,68719 ,106 ,14 ,32858 ,63315 ,106 ,14 
한남동,16067 ,45759 ,64 ,51 ,18013 ,50223 ,65 ,131 ,15407 ,42418 ,65 ,131 
서빙고동,6134 ,22449 ,61 ,21 ,6317 ,21463 ,60 ,67 ,6104 ,21051 ,60 ,67 
보광동,39166 ,61161 ,170 ,11 ,39523 ,61701 ,160 ,12 ,37200 ,58659 ,160 ,12 
성동구,40256 ,93352 ,186 ,116 ,41003 ,95220 ,182 ,49 ,39264 ,91044 ,182 ,49 
왕십리2동,110524 ,182550 ,466 ,34 ,131282 ,222357 ,458 ,33 ,118279 ,200001 ,458 ,33 
왕십리도선동,60148 ,150545 ,374 ,116 ,69813 ,171436 ,378 ,83 ,65178 ,186097 ,378 ,83 
마장동,46431 ,109127 ,216 ,107 ,41767 ,100148 ,216 ,71 ,39486 ,95724 ,216 ,71 
사근동,21269 ,76812 ,99 ,68 ,22758 ,73916 ,99 ,22 ,21202 ,68615 ,99 ,22 
행당1동,102168 ,255117 ,313 ,111 ,88186 ,212339 ,286 ,42 ,66563 ,150884 ,286 ,42 
행당2동,77545 ,189232 ,547 ,22 ,83894 ,219663 ,538 ,6 ,84955 ,219674 ,538 ,6 
응봉동,56060 ,123760 ,298 ,8 ,55550 ,112753 ,295 ,31 ,52706 ,103128 ,295 ,31 
금호1가동,90928 ,173051 ,364 ,22 ,85038 ,165420 ,359 ,52 ,87807 ,172549 ,359 ,52 
금호2.3가동,100382 ,175066 ,380 ,20 ,94996 ,171887 ,376 ,11 ,89963 ,155169 ,376 ,11 
금호4가동,20676 ,43861 ,161 ,11 ,23689 ,50257 ,158 ,14 ,24261 ,51701 ,158 ,14 
옥수동,26358 ,104357 ,222 ,18 ,24128 ,98735 ,219 ,39 ,24247 ,104221 ,219 ,39 
성수1가1동,12689 ,30954 ,75 ,36 ,12660 ,30497 ,75 ,16 ,12674 ,30611 ,75 ,16 
성수1가2동,48942 ,90592 ,155 ,181 ,54567 ,99503 ,144 ,63 ,53296 ,95924 ,144 ,63 
성수2가1동,40179 ,83512 ,156 ,383 ,40632 ,84012 ,152 ,89 ,40514 ,81434 ,152 ,89 
성수2가3동,42904 ,132579 ,106 ,481 ,49612 ,162533 ,108 ,227 ,46958 ,145184 ,108 ,227 
송정동,47910 ,72957 ,193 ,32 ,50066 ,77205 ,187 ,21 ,48784 ,75144 ,187 ,21 
용답동,13176 ,29187 ,63 ,117 ,12129 ,26491 ,52 ,20 ,13421 ,28256 ,52 ,20 
광진구,55066 ,101513 ,201 ,46 ,53780 ,97706 ,198 ,46 ,51931 ,94371 ,198 ,46 
화양동,86333 ,172671 ,191 ,55 ,82992 ,159716 ,194 ,24 ,73717 ,140154 ,194 ,24 
군자동,76808 ,131969 ,268 ,95 ,73904 ,129541 ,269 ,32 ,74522 ,136908 ,269 ,32 
중곡1동,65809 ,135048 ,268 ,68 ,70203 ,142682 ,274 ,91 ,67788 ,135103 ,274 ,91 
중곡2동,90246 ,174248 ,410 ,74 ,93943 ,175021 ,404 ,52 ,87923 ,162956 ,404 ,52 
중곡3동,91459 ,138296 ,292 ,40 ,85083 ,133365 ,284 ,25 ,81471 ,131847 ,284 ,25 
중곡4동,37360 ,59699 ,135 ,11 ,33605 ,54585 ,130 ,22 ,32846 ,53480 ,130 ,22 
능동,17952 ,63880 ,105 ,31 ,18571 ,65606 ,105 ,21 ,17991 ,64606 ,105 ,21 
광장동,24249 ,58803 ,121 ,30 ,23133 ,55632 ,124 ,58 ,21154 ,52881 ,124 ,58 
자양1동,144481 ,235198 ,373 ,160 ,142168 ,227383 ,370 ,199 ,132833 ,210371 ,370 ,199 
자양2동,32566 ,63651 ,167 ,31 ,31588 ,57961 ,162 ,31 ,30514 ,54710 ,162 ,31 
자양3동,73044 ,105368 ,270 ,27 ,78665 ,111747 ,264 ,29 ,73885 ,105568 ,264 ,29 
자양4동,62925 ,100119 ,187 ,25 ,62739 ,93078 ,152 ,11 ,61512 ,91402 ,152 ,11 
구의1동,128270 ,218447 ,407 ,82 ,112938 ,193517 ,401 ,66 ,140826 ,223046 ,401 ,66 
구의2동,47652 ,81380 ,185 ,25 ,51971 ,89684 ,202 ,31 ,42356 ,75326 ,202 ,31 
구의3동,47121 ,106235 ,210 ,97 ,42176 ,94679 ,205 ,89 ,45162 ,101044 ,205 ,89 
동대문구,69846 ,121000 ,237 ,65 ,69151 ,118394 ,235 ,55 ,66321 ,113663 ,235 ,55 
용신동,73884 ,131370 ,190 ,178 ,74952 ,131459 ,191 ,150 ,73403 ,126381 ,191 ,150 
제기동,90278 ,150823 ,207 ,52 ,76268 ,128375 ,210 ,46 ,75851 ,128377 ,210 ,46 
전농1동,102007 ,144831 ,272 ,25 ,105446 ,142130 ,273 ,13 ,100800 ,132441 ,273 ,13 
전농2동,27690 ,77390 ,202 ,34 ,26003 ,75241 ,199 ,41 ,27098 ,76463 ,199 ,41 
답십리1동,89564 ,157275 ,324 ,61 ,90666 ,159588 ,355 ,94 ,87249 ,151971 ,355 ,94 
답십리2동,67615 ,130439 ,332 ,46 ,75991 ,143896 ,355 ,33 ,68755 ,134215 ,355 ,33 
장안1동,70216 ,127156 ,277 ,105 ,72883 ,131133 ,281 ,79 ,66899 ,119460 ,281 ,79 
장안2동,66802 ,122217 ,271 ,63 ,65263 ,117302 ,278 ,56 ,65804 ,118940 ,278 ,56 
청량리동,50386 ,86244 ,180 ,49 ,49020 ,84621 ,177 ,41 ,42895 ,74551 ,177 ,41 
회기동,54565 ,123902 ,123 ,51 ,55727 ,118049 ,121 ,9 ,54139 ,123003 ,121 ,9 
휘경1동,106994 ,157023 ,252 ,34 ,108335 ,160488 ,241 ,30 ,97456 ,145615 ,241 ,30 
휘경2동,44078 ,79356 ,202 ,32 ,45302 ,80997 ,202 ,36 ,42076 ,75913 ,202 ,36 
이문1동,86347 ,118830 ,254 ,56 ,79964 ,105208 ,190 ,40 ,80914 ,107037 ,190 ,40 
이문2동,65943 ,113715 ,308 ,22 ,62648 ,110054 ,296 ,32 ,62133 ,106567 ,296 ,32 
중랑구,53621 ,91259 ,220 ,29 ,54318 ,91802 ,217 ,22 ,53803 ,89504 ,217 ,22 
면목2동,80460 ,134556 ,351 ,36 ,88505 ,148930 ,345 ,20 ,83354 ,137780 ,345 ,20 
면목4동,71158 ,97714 ,249 ,22 ,75760 ,103923 ,241 ,20 ,71262 ,90866 ,241 ,20 
면목5동,42150 ,65493 ,168 ,18 ,38809 ,60388 ,164 ,18 ,36812 ,56783 ,164 ,18 
면목본동,134089 ,191147 ,424 ,29 ,125400 ,181263 ,420 ,21 ,123977 ,178256 ,420 ,21 
면목7동,51468 ,72436 ,183 ,13 ,53664 ,76448 ,178 ,12 ,53839 ,76773 ,178 ,12 
면목3.8동,40296 ,66842 ,163 ,23 ,39124 ,65304 ,165 ,22 ,36915 ,60638 ,165 ,22 
상봉1동,66244 ,115424 ,289 ,33 ,64656 ,108044 ,273 ,27 ,62268 ,101411 ,273 ,27 
상봉2동,100306 ,200005 ,284 ,112 ,93580 ,183683 ,289 ,81 ,91611 ,178635 ,289 ,81 
중화1동,90131 ,129944 ,335 ,30 ,95828 ,137048 ,325 ,31 ,95007 ,131459 ,325 ,31 
중화2동,74379 ,134129 ,292 ,33 ,83135 ,141224 ,280 ,16 ,78527 ,133598 ,280 ,16 
묵1동,62323 ,112314 ,308 ,28 ,59283 ,105600 ,303 ,22 ,60928 ,108426 ,303 ,22 
묵2동,81085 ,125534 ,291 ,29 ,80491 ,122655 ,288 ,30 ,78411 ,117068 ,288 ,30 
망우본동,30029 ,46654 ,101 ,19 ,31740 ,49400 ,100 ,11 ,36044 ,55223 ,100 ,11 
망우3동,44844 ,67652 ,187 ,18 ,44352 ,64760 ,182 ,11 ,41730 ,60654 ,182 ,11 
신내1동,20968 ,54804 ,171 ,29 ,23065 ,61408 ,172 ,18 ,23269 ,59798 ,172 ,18 
신내2동,30422 ,95201 ,238 ,47 ,30006 ,93026 ,233 ,40 ,30554 ,92292 ,233 ,40 
성북구,44626 ,82913 ,176 ,28 ,44807 ,82867 ,171 ,45 ,43694 ,81279 ,171 ,45 
성북동,6039 ,20832 ,43 ,11 ,6438 ,22770 ,42 ,71 ,6406 ,22661 ,42 ,71 
삼선동,93383 ,164940 ,309 ,74 ,85223 ,149279 ,298 ,72 ,83055 ,145780 ,298 ,72 
동선동,117924 ,184048 ,217 ,87 ,106106 ,169866 ,214 ,184 ,115231 ,184434 ,214 ,184 
돈암1동,74122 ,160520 ,343 ,21 ,59700 ,139560 ,339 ,50 ,59639 ,137408 ,339 ,50 
돈암2동,39257 ,110360 ,455 ,18 ,70399 ,157605 ,452 ,19 ,71419 ,166155 ,452 ,19 
안암동,41859 ,99279 ,116 ,77 ,34216 ,89434 ,49 ,36 ,34916 ,88397 ,49 ,36 
보문동,93251 ,162829 ,305 ,64 ,94274 ,165205 ,272 ,126 ,83466 ,143960 ,272 ,126 
정릉1동,117602 ,195019 ,433 ,25 ,115625 ,190342 ,425 ,32 ,108018 ,187870 ,425 ,32 
정릉2동,47114 ,94368 ,211 ,14 ,44909 ,89290 ,207 ,15 ,44693 ,89923 ,207 ,15 
정릉3동,7614 ,18162 ,49 ,9 ,7565 ,16443 ,49 ,8 ,7419 ,15996 ,49 ,8 
정릉4동,10131 ,26027 ,72 ,8 ,9536 ,24728 ,71 ,6 ,9391 ,23947 ,71 ,6 
길음1동,83399 ,195538 ,465 ,30 ,90404 ,216045 ,457 ,79 ,90156 ,217767 ,457 ,79 
길음2동,69682 ,131496 ,179 ,28 ,88994 ,160460 ,294 ,10 ,87587 ,147956 ,294 ,10 
종암동,64948 ,121996 ,273 ,27 ,66507 ,124689 ,270 ,148 ,67859 ,124524 ,270 ,148 
월곡1동,62251 ,120975 ,324 ,40 ,71612 ,132246 ,321 ,30 ,74066 ,138898 ,321 ,30 
월곡2동,54121 ,94980 ,152 ,44 ,54831 ,92023 ,150 ,36 ,45619 ,78618 ,150 ,36 
장위1동,105650 ,125107 ,292 ,15 ,101431 ,117631 ,285 ,19 ,98506 ,112564 ,285 ,19 
장위2동,73148 ,105128 ,223 ,27 ,77773 ,108997 ,201 ,26 ,64454 ,95655 ,201 ,26 
장위3동,38870 ,57545 ,176 ,25 ,45385 ,67222 ,171 ,18 ,36696 ,54226 ,171 ,18 
석관동,48902 ,75133 ,185 ,29 ,48962 ,74656 ,184 ,21 ,50981 ,78470 ,184 ,21 
강북구,36925 ,61484 ,135 ,16 ,37203 ,63058 ,133 ,12 ,35922 ,60460 ,133 ,12 
삼양동,91219 ,134498 ,280 ,16 ,86305 ,131931 ,267 ,11 ,86353 ,132650 ,267 ,11 
미아동,62100 ,129864 ,273 ,36 ,63563 ,134428 ,268 ,22 ,62846 ,131975 ,268 ,22 
송중동,97178 ,155111 ,268 ,34 ,99518 ,162496 ,278 ,21 ,97150 ,159549 ,278 ,21 
송천동,121406 ,152267 ,315 ,39 ,124599 ,158719 ,303 ,20 ,116887 ,145849 ,303 ,20 
삼각산동,56977 ,182948 ,549 ,22 ,53791 ,194965 ,538 ,21 ,56506 ,186117 ,538 ,21 
번1동,119359 ,175194 ,316 ,71 ,118682 ,172125 ,311 ,41 ,112644 ,160479 ,311 ,41 
번2동,33539 ,52818 ,177 ,21 ,35476 ,57067 ,171 ,14 ,35826 ,59331 ,171 ,14 
번3동,27675 ,60720 ,176 ,14 ,29975 ,65007 ,170 ,12 ,27605 ,60969 ,170 ,12 
수유1동,36664 ,55235 ,127 ,18 ,35392 ,52527 ,124 ,11 ,34488 ,51388 ,124 ,11 
수유2동,113585 ,179245 ,377 ,36 ,112429 ,181451 ,372 ,38 ,101235 ,165208 ,372 ,38 
수유3동,123070 ,202479 ,330 ,70 ,126896 ,209248 ,323 ,47 ,117967 ,189864 ,323 ,47 
우이동,3471 ,6980 ,20 ,2 ,3494 ,7244 ,20 ,3 ,3561 ,7296 ,20 ,3 
인수동,29947 ,50516 ,113 ,12 ,30788 ,51688 ,113 ,15 ,30192 ,49909 ,113 ,15 
도봉구,31315 ,65089 ,162 ,19 ,30719 ,63502 ,160 ,17 ,30224 ,61975 ,160 ,17 
창1동,46587 ,98469 ,241 ,16 ,48278 ,105933 ,237 ,16 ,41799 ,91609 ,237 ,16 
창2동,126266 ,211143 ,473 ,35 ,128104 ,210451 ,463 ,38 ,143206 ,233401 ,463 ,38 
창3동,58911 ,95791 ,237 ,15 ,67825 ,106193 ,231 ,12 ,56883 ,87874 ,231 ,12 
창4동,36504 ,121006 ,246 ,34 ,28701 ,99457 ,241 ,24 ,30634 ,106139 ,241 ,24 
창5동,80802 ,178795 ,384 ,78 ,70641 ,164380 ,375 ,105 ,62606 ,145283 ,375 ,105 
도봉1동,3807 ,8186 ,27 ,4 ,3848 ,8408 ,26 ,3 ,4034 ,8838 ,26 ,3 
도봉2동,24446 ,76182 ,237 ,43 ,22302 ,71747 ,237 ,18 ,24386 ,74979 ,237 ,18 
쌍문1동,37105 ,76564 ,185 ,21 ,36297 ,71843 ,188 ,15 ,34477 ,68681 ,188 ,15 
쌍문2동,95974 ,174748 ,378 ,58 ,102083 ,183418 ,369 ,27 ,96949 ,173546 ,369 ,27 
쌍문3동,96329 ,156336 ,340 ,45 ,102369 ,157809 ,338 ,40 ,102568 ,156064 ,338 ,40 
쌍문4동,57742 ,126468 ,363 ,23 ,56610 ,124128 ,364 ,25 ,55493 ,122213 ,364 ,25 
방학1동,63919 ,116888 ,291 ,52 ,62785 ,111900 ,285 ,63 ,63071 ,111035 ,285 ,63 
방학2동,40990 ,62626 ,195 ,12 ,32449 ,54435 ,190 ,9 ,34769 ,57730 ,190 ,9 
방학3동,18627 ,55116 ,157 ,10 ,20130 ,58496 ,155 ,16 ,17744 ,51235 ,155 ,16 
노원구,26725 ,66029 ,153 ,20 ,27407 ,67435 ,150 ,16 ,26530 ,65285 ,150 ,16 
월계1동,49525 ,108743 ,211 ,22 ,51249 ,108268 ,212 ,24 ,46960 ,101003 ,212 ,24 
월계2동,17545 ,41325 ,139 ,11 ,17751 ,42476 ,130 ,6 ,16814 ,41159 ,130 ,6 
월계3동,16170 ,82110 ,259 ,16 ,17313 ,87341 ,255 ,12 ,17681 ,88325 ,255 ,12 
공릉1동,91164 ,170317 ,316 ,82 ,95532 ,178042 ,316 ,52 ,92402 ,172015 ,316 ,52 
공릉2동,10169 ,26601 ,57 ,9 ,9600 ,24995 ,56 ,10 ,9346 ,24423 ,56 ,10 
하계1동,31238 ,93002 ,190 ,54 ,30838 ,88145 ,196 ,32 ,29698 ,84799 ,196 ,32 
하계2동,62952 ,176626 ,465 ,13 ,54231 ,150751 ,454 ,28 ,55752 ,164900 ,454 ,28 
중계본동,19728 ,49716 ,129 ,12 ,21888 ,55328 ,124 ,9 ,21739 ,53244 ,124 ,9 
중계1동,62415 ,198113 ,453 ,25 ,62379 ,193383 ,450 ,35 ,65329 ,202069 ,450 ,35 
중계4동,21215 ,54037 ,138 ,15 ,22513 ,60701 ,138 ,13 ,20650 ,55262 ,138 ,13 
중계2.3동,54932 ,180844 ,414 ,32 ,55606 ,185184 ,403 ,24 ,51767 ,168680 ,403 ,24 
상계1동,12260 ,32551 ,82 ,13 ,12813 ,33094 ,80 ,11 ,13031 ,33364 ,80 ,11 
상계2동,168746 ,264003 ,340 ,75 ,177738 ,260297 ,335 ,39 ,159048 ,236212 ,335 ,39 
상계3.4동,12055 ,17931 ,55 ,5 ,12933 ,18943 ,52 ,4 ,12463 ,18312 ,52 ,4 
상계5동,107015 ,184655 ,474 ,47 ,117421 ,199841 ,449 ,35 ,108839 ,188125 ,449 ,35 
상계6.7동,40678 ,129679 ,244 ,65 ,40305 ,135118 ,241 ,44 ,46366 ,144515 ,241 ,44 
상계8동,16097 ,100952 ,367 ,17 ,19825 ,125460 ,358 ,18 ,18202 ,112631 ,358 ,18 
상계9동,29949 ,109041 ,268 ,16 ,28399 ,113161 ,263 ,32 ,26176 ,96097 ,263 ,32 
상계10동,33700 ,84199 ,211 ,13 ,31304 ,85168 ,206 ,13 ,29594 ,82534 ,206 ,13 
은평구,38357 ,65311 ,155 ,17 ,39097 ,66615 ,153 ,16 ,38383 ,65389 ,153 ,16 
녹번동,46327 ,81687 ,172 ,39 ,46263 ,81927 ,197 ,27 ,45606 ,82722 ,197 ,27 
불광1동,19209 ,45338 ,102 ,10 ,19338 ,43183 ,101 ,10 ,17662 ,39099 ,101 ,10 
불광2동,54434 ,88650 ,232 ,21 ,55890 ,93399 ,230 ,21 ,52715 ,87767 ,230 ,21 
갈현1동,102649 ,145898 ,270 ,26 ,100738 ,141014 ,265 ,29 ,95581 ,131256 ,265 ,29 
갈현2동,69573 ,117306 ,295 ,32 ,71255 ,120873 ,293 ,38 ,71303 ,119661 ,293 ,38 
구산동,51997 ,94125 ,255 ,33 ,50341 ,90062 ,255 ,32 ,51600 ,91943 ,255 ,32 
대조동,132947 ,206175 ,372 ,41 ,133865 ,210449 ,319 ,30 ,123188 ,199264 ,319 ,30 
응암1동,64872 ,94017 ,229 ,35 ,68255 ,99228 ,225 ,26 ,72954 ,105390 ,225 ,26 
응암2동,44924 ,78823 ,230 ,17 ,52119 ,89079 ,233 ,16 ,52674 ,90211 ,233 ,16 
응암3동,121704 ,158492 ,362 ,34 ,123323 ,161286 ,355 ,26 ,122532 ,155381 ,355 ,26 
역촌동,131179 ,194959 ,431 ,38 ,138083 ,202353 ,423 ,42 ,135383 ,194457 ,423 ,42 
신사1동,91094 ,148222 ,347 ,26 ,89392 ,148118 ,343 ,30 ,89559 ,148252 ,343 ,30 
신사2동,48900 ,73295 ,207 ,18 ,50332 ,73382 ,207 ,18 ,47410 ,69087 ,207 ,18 
증산동,40643 ,62662 ,182 ,25 ,45932 ,69674 ,180 ,31 ,43500 ,66881 ,180 ,31 
수색동,23252 ,39843 ,93 ,12 ,19967 ,37581 ,71 ,15 ,21788 ,40636 ,71 ,15 
진관동,4077 ,16217 ,47 ,4 ,4334 ,17318 ,45 ,3 ,4575 ,18093 ,45 ,3 
서대문구,54692 ,100445 ,178 ,44 ,53376 ,97141 ,178 ,38 ,51787 ,94184 ,178 ,38 
천연동,45728 ,90771 ,214 ,19 ,41445 ,82547 ,209 ,21 ,42153 ,84913 ,209 ,21 
북아현동,305682 ,391142 ,375 ,29 ,330746 ,412189 ,368 ,40 ,345668 ,419597 ,368 ,40 
충현동,91856 ,166000 ,159 ,222 ,82083 ,150469 ,157 ,124 ,85173 ,150378 ,157 ,124 
신촌동,43583 ,108531 ,74 ,83 ,37938 ,92108 ,75 ,20 ,32456 ,79023 ,75 ,20 
연희동,31543 ,65189 ,125 ,30 ,29905 ,61946 ,128 ,50 ,27308 ,58913 ,128 ,50 
홍제1동,50531 ,82266 ,152 ,12 ,43245 ,78605 ,166 ,17 ,40247 ,73504 ,166 ,17 
홍제3동,44003 ,75420 ,150 ,15 ,39916 ,71443 ,149 ,11 ,38255 ,69333 ,149 ,11 
홍제2동,29590 ,58217 ,207 ,17 ,37460 ,64908 ,205 ,10 ,37820 ,65643 ,205 ,10 
홍은1동,22841 ,41284 ,144 ,10 ,22598 ,42486 ,144 ,49 ,23033 ,42781 ,144 ,49 
홍은2동,23857 ,45338 ,149 ,18 ,27122 ,49116 ,134 ,28 ,27676 ,49959 ,134 ,28 
남가좌1동,29175 ,161287 ,360 ,31 ,30165 ,164213 ,355 ,82 ,27254 ,162457 ,355 ,82 
남가좌2동,86004 ,127623 ,282 ,22 ,82107 ,122256 ,315 ,23 ,73861 ,111652 ,315 ,23 
북가좌1동,45830 ,107617 ,311 ,32 ,47988 ,109244 ,311 ,31 ,44697 ,109011 ,311 ,31 
북가좌2동,151825 ,226958 ,433 ,34 ,157212 ,234469 ,425 ,37 ,153370 ,236676 ,425 ,37 
마포구,45074 ,88484 ,151 ,91 ,44681 ,86859 ,127 ,58 ,42596 ,82310 ,127 ,58 
아현동,72208 ,176287 ,314 ,262 ,73532 ,179654 ,301 ,250 ,72535 ,179095 ,301 ,250 
공덕동,144766 ,195793 ,429 ,124 ,146315 ,199603 ,363 ,51 ,142501 ,192857 ,363 ,51 
도화동,66445 ,131496 ,258 ,182 ,57362 ,121085 ,212 ,152 ,58463 ,122187 ,212 ,152 
용강동,68108 ,121901 ,220 ,207 ,78149 ,142210 ,192 ,145 ,76899 ,138431 ,192 ,145 
대흥동,63715 ,129864 ,138 ,70 ,62095 ,124679 ,102 ,66 ,53648 ,106821 ,102 ,66 
염리동,80589 ,132772 ,235 ,153 ,83251 ,131643 ,271 ,84 ,82156 ,127876 ,271 ,84 
신수동,55935 ,103162 ,231 ,49 ,53142 ,96703 ,171 ,61 ,53408 ,97246 ,171 ,61 
서강동,29907 ,65333 ,132 ,54 ,31289 ,66759 ,103 ,33 ,29305 ,62041 ,103 ,33 
서교동,107820 ,237031 ,139 ,308 ,98432 ,212934 ,115 ,164 ,83788 ,179682 ,115 ,164 
합정동,29287 ,64818 ,102 ,65 ,28039 ,61528 ,104 ,32 ,26379 ,57613 ,104 ,32 
망원1동,57880 ,87368 ,193 ,27 ,54544 ,83082 ,148 ,28 ,57033 ,84762 ,148 ,28 
망원2동,56152 ,72127 ,161 ,22 ,58555 ,73295 ,120 ,43 ,55210 ,69559 ,120 ,43 
연남동,96246 ,167968 ,255 ,80 ,93593 ,154896 ,196 ,50 ,93366 ,156461 ,196 ,50 
성산1동,56086 ,111873 ,232 ,104 ,59345 ,119148 ,181 ,68 ,59216 ,119279 ,181 ,68 
성산2동,35637 ,81722 ,207 ,50 ,35810 ,80452 ,173 ,14 ,33741 ,76699 ,173 ,14 
상암동,6275 ,21603 ,43 ,46 ,6719 ,22384 ,36 ,20 ,6351 ,21537 ,36 ,20 
양천구,47418 ,99268 ,257 ,40 ,48513 ,101532 ,256 ,78 ,46723 ,97366 ,256 ,78 
목1동,33142 ,110797 ,186 ,92 ,32517 ,111714 ,203 ,111 ,29294 ,102361 ,203 ,111 
목2동,67990 ,118900 ,305 ,25 ,71638 ,124920 ,305 ,54 ,65876 ,115102 ,305 ,54 
목3동,110030 ,192026 ,430 ,49 ,107452 ,191242 ,429 ,47 ,111503 ,195822 ,429 ,47 
목4동,103764 ,156042 ,467 ,39 ,117543 ,170789 ,463 ,50 ,116051 ,165450 ,463 ,50 
목5동,23960 ,88467 ,211 ,29 ,25380 ,90168 ,209 ,152 ,24726 ,87163 ,209 ,152 
신월1동,70980 ,132460 ,350 ,43 ,73487 ,137139 ,344 ,36 ,69385 ,128974 ,344 ,36 
신월2동,94337 ,127062 ,367 ,38 ,87139 ,119493 ,362 ,49 ,90580 ,126869 ,362 ,49 
신월3동,34289 ,61780 ,171 ,28 ,33505 ,60750 ,177 ,18 ,31614 ,57425 ,177 ,18 
신월4동,105231 ,143378 ,409 ,43 ,106835 ,144077 ,403 ,39 ,98839 ,133649 ,403 ,39 
신월5동,50420 ,98478 ,317 ,52 ,53491 ,104455 ,290 ,42 ,47278 ,92609 ,290 ,42 
신월6동,43686 ,51224 ,155 ,30 ,39573 ,47265 ,151 ,26 ,40131 ,47180 ,151 ,26 
신월7동,22870 ,68655 ,181 ,25 ,22157 ,68085 ,176 ,31 ,18887 ,59317 ,176 ,31 
신정1동,41396 ,99561 ,296 ,38 ,44612 ,115461 ,295 ,160 ,43001 ,113232 ,295 ,160 
신정2동,67251 ,115873 ,352 ,32 ,71903 ,121809 ,345 ,235 ,70966 ,119556 ,345 ,235 
신정3동,26729 ,55852 ,170 ,23 ,27883 ,57835 ,169 ,27 ,29068 ,58519 ,169 ,27 
신정4동,108095 ,176131 ,355 ,77 ,110232 ,179391 ,349 ,73 ,100718 ,166033 ,349 ,73 
신정6동,17141 ,74578 ,257 ,60 ,15721 ,67801 ,260 ,187 ,18113 ,74167 ,260 ,187 
신정7동,27976 ,97506 ,263 ,18 ,30069 ,102770 ,268 ,50 ,28609 ,96253 ,268 ,50 
강서구,27561 ,57014 ,138 ,47 ,27480 ,56899 ,137 ,35 ,27698 ,56578 ,137 ,35 
염창동,45248 ,78193 ,206 ,64 ,44453 ,76968 ,214 ,100 ,45015 ,78022 ,214 ,100 
등촌1동,66468 ,154354 ,347 ,451 ,71650 ,163596 ,360 ,133 ,75039 ,173998 ,360 ,133 
등촌2동,47203 ,81096 ,242 ,27 ,50229 ,87129 ,239 ,55 ,46947 ,80665 ,239 ,55 
등촌3동,44130 ,146081 ,315 ,185 ,45360 ,150182 ,309 ,146 ,44870 ,149526 ,309 ,146 
화곡1동,153328 ,210701 ,446 ,42 ,158705 ,218404 ,447 ,42 ,168651 ,223453 ,447 ,42 
화곡2동,105155 ,167439 ,431 ,37 ,90960 ,141801 ,422 ,34 ,95094 ,152608 ,422 ,34 
화곡3동,75113 ,162245 ,436 ,40 ,79535 ,173994 ,436 ,103 ,78004 ,172782 ,436 ,103 
화곡4동,58318 ,105462 ,262 ,23 ,59293 ,104363 ,254 ,32 ,57012 ,103029 ,254 ,32 
화곡본동,91001 ,143916 ,357 ,23 ,94878 ,147344 ,351 ,30 ,95546 ,146441 ,351 ,30 
화곡6동,59345 ,108364 ,237 ,97 ,52182 ,97084 ,238 ,104 ,52535 ,95161 ,238 ,104 
화곡8동,151740 ,252933 ,465 ,32 ,143369 ,241682 ,459 ,36 ,152042 ,254208 ,459 ,36 
가양1동,4282 ,23575 ,66 ,54 ,4364 ,25118 ,67 ,9 ,4352 ,24684 ,67 ,9 
가양2동,19120 ,59760 ,159 ,23 ,18424 ,60483 ,151 ,29 ,19868 ,64378 ,151 ,29 
가양3동,30577 ,90757 ,237 ,84 ,25977 ,79339 ,233 ,47 ,25810 ,76950 ,233 ,47 
발산1동,18805 ,45552 ,127 ,26 ,19902 ,47146 ,126 ,11 ,20094 ,48944 ,126 ,11 
우장산동,66017 ,140426 ,362 ,38 ,65493 ,135718 ,352 ,49 ,67858 ,137554 ,352 ,49 
공항동,4760 ,12095 ,28 ,39 ,4302 ,11289 ,27 ,30 ,4267 ,11195 ,27 ,30 
방화1동,58137 ,130987 ,321 ,76 ,58656 ,131316 ,321 ,67 ,57075 ,125587 ,321 ,67 
방화2동,8973 ,22082 ,43 ,7 ,9145 ,22022 ,43 ,6 ,7844 ,18472 ,43 ,6 
방화3동,15316 ,42854 ,126 ,17 ,15447 ,43850 ,124 ,26 ,13996 ,38947 ,124 ,26 
구로구,37317 ,89627 ,200 ,87 ,37201 ,88814 ,198 ,70 ,36546 ,85971 ,198 ,70 
신도림동,42071 ,118156 ,267 ,72 ,42779 ,119571 ,281 ,99 ,40626 ,114024 ,281 ,99 
구로1동,15158 ,65927 ,215 ,25 ,16803 ,73214 ,211 ,47 ,16325 ,69554 ,211 ,47 
구로2동,41560 ,91324 ,144 ,150 ,45399 ,91817 ,141 ,77 ,45262 ,84685 ,141 ,77 
구로3동,77163 ,205224 ,241 ,786 ,77160 ,199884 ,235 ,507 ,68634 ,178134 ,235 ,507 
구로4동,105655 ,169258 ,401 ,48 ,94220 ,149258 ,390 ,40 ,100336 ,156700 ,390 ,40 
구로5동,62162 ,146266 ,284 ,186 ,58370 ,131169 ,278 ,134 ,58784 ,129552 ,278 ,134 
가리봉동,70699 ,121402 ,235 ,40 ,66081 ,116623 ,225 ,23 ,76061 ,139941 ,225 ,23 
고척1동,41346 ,106684 ,216 ,58 ,39815 ,102097 ,218 ,71 ,37787 ,95383 ,218 ,71 
고척2동,62100 ,93753 ,286 ,21 ,60763 ,91717 ,280 ,31 ,58707 ,88933 ,280 ,31 
개봉1동,52971 ,103691 ,284 ,27 ,54228 ,107539 ,278 ,41 ,53189 ,105377 ,278 ,41 
개봉2동,52562 ,153405 ,391 ,18 ,50486 ,152511 ,384 ,95 ,47743 ,144010 ,384 ,95 
개봉3동,39941 ,96199 ,271 ,60 ,36507 ,87097 ,269 ,25 ,37981 ,89293 ,269 ,25 
오류1동,44657 ,112809 ,313 ,42 ,47324 ,119858 ,319 ,61 ,43656 ,109936 ,319 ,61 
오류2동,13086 ,40959 ,103 ,11 ,14717 ,46714 ,99 ,11 ,14833 ,46493 ,99 ,11 
수궁동,13197 ,38929 ,93 ,16 ,12276 ,34921 ,91 ,14 ,12276 ,36114 ,91 ,14 
금천구,31386 ,80826 ,183 ,148 ,31894 ,81715 ,184 ,100 ,31043 ,79899 ,184 ,100 
가산동,21039 ,120050 ,90 ,615 ,20794 ,119067 ,93 ,376 ,23362 ,118826 ,93 ,376 
독산1동,22482 ,70436 ,190 ,88 ,22935 ,79473 ,211 ,66 ,21258 ,75465 ,211 ,66 
독산2동,69026 ,118937 ,338 ,29 ,59983 ,103963 ,326 ,30 ,67352 ,116853 ,326 ,30 
독산3동,60763 ,106422 ,263 ,49 ,62513 ,107529 ,257 ,43 ,62865 ,106228 ,257 ,43 
독산4동,62769 ,95999 ,273 ,30 ,82150 ,112144 ,265 ,29 ,65214 ,92326 ,265 ,29 
시흥1동,42050 ,98675 ,237 ,69 ,41291 ,96902 ,239 ,46 ,37295 ,88828 ,239 ,46 
시흥2동,11226 ,49176 ,197 ,12 ,11948 ,52445 ,193 ,29 ,13675 ,64311 ,193 ,29 
시흥3동,16245 ,42724 ,85 ,67 ,15558 ,37834 ,85 ,61 ,13899 ,33739 ,85 ,61 
시흥4동,47943 ,78292 ,269 ,11 ,46191 ,75711 ,263 ,18 ,45858 ,73296 ,263 ,18 
시흥5동,21611 ,41020 ,138 ,14 ,22135 ,41986 ,135 ,12 ,21030 ,39266 ,135 ,12 
영등포구,45904 ,94917 ,169 ,228 ,44888 ,92553 ,169 ,185 ,44698 ,91468 ,169 ,185 
영등포본동,92211 ,124620 ,263 ,38 ,81478 ,109631 ,260 ,68 ,77831 ,103345 ,260 ,68 
영등포동,65605 ,179456 ,180 ,177 ,57533 ,150076 ,188 ,104 ,61677 ,172579 ,188 ,104 
여의동,8636 ,44625 ,49 ,432 ,8338 ,43158 ,51 ,325 ,8060 ,42101 ,51 ,325 
당산1동,77515 ,161438 ,279 ,252 ,81726 ,166634 ,279 ,122 ,69951 ,148665 ,279 ,122 
당산2동,47592 ,113211 ,229 ,208 ,49749 ,117259 ,232 ,91 ,46027 ,104454 ,232 ,91 
도림동,116575 ,148284 ,345 ,39 ,104689 ,132188 ,346 ,30 ,99053 ,127231 ,346 ,30 
문래동,38929 ,107959 ,183 ,241 ,40378 ,113830 ,182 ,470 ,37282 ,104644 ,182 ,470 
양평1동,41056 ,93616 ,201 ,222 ,42790 ,98319 ,203 ,147 ,41076 ,94150 ,203 ,147 
양평2동,15893 ,40275 ,88 ,135 ,17215 ,44805 ,86 ,57 ,15533 ,40597 ,86 ,57 
신길1동,79828 ,112274 ,229 ,50 ,78860 ,115089 ,227 ,46 ,79101 ,110443 ,227 ,46 
신길3동,101823 ,145078 ,306 ,29 ,110068 ,152971 ,300 ,26 ,95240 ,128288 ,300 ,26 
신길4동,98362 ,112431 ,314 ,38 ,96704 ,110369 ,299 ,42 ,109637 ,123554 ,299 ,42 
신길5동,57045 ,72358 ,205 ,27 ,51245 ,64443 ,190 ,28 ,55069 ,70100 ,190 ,28 
신길6동,85979 ,137190 ,274 ,44 ,81552 ,128834 ,288 ,39 ,88494 ,146049 ,288 ,39 
신길7동,56313 ,78061 ,263 ,39 ,58205 ,77740 ,260 ,45 ,58549 ,79122 ,260 ,45 
대림1동,103261 ,128016 ,271 ,58 ,99585 ,122798 ,261 ,49 ,143341 ,172718 ,261 ,49 
대림2동,80853 ,135739 ,220 ,40 ,82966 ,137905 ,220 ,80 ,85746 ,141874 ,220 ,80 
대림3동,68375 ,143331 ,255 ,85 ,63367 ,133338 ,255 ,65 ,60499 ,126688 ,255 ,65 
동작구,50374 ,110485 ,224 ,41 ,50922 ,110389 ,227 ,44 ,48107 ,103096 ,227 ,44 
노량진1동,46029 ,116585 ,172 ,23 ,44238 ,111220 ,171 ,31 ,35156 ,86816 ,171 ,31 
노량진2동,76394 ,152012 ,235 ,90 ,88946 ,169810 ,226 ,76 ,67829 ,135479 ,226 ,76 
상도1동,68798 ,161628 ,312 ,33 ,66821 ,157453 ,307 ,41 ,63543 ,151851 ,307 ,41 
상도2동,69649 ,152698 ,332 ,37 ,73546 ,159128 ,361 ,22 ,67813 ,146836 ,361 ,22 
상도3동,91694 ,143751 ,389 ,22 ,84439 ,133736 ,387 ,21 ,98845 ,148880 ,387 ,21 
상도4동,72057 ,115045 ,313 ,20 ,76021 ,121604 ,311 ,27 ,76169 ,122901 ,311 ,27 
흑석동,40254 ,80100 ,142 ,30 ,39136 ,75218 ,159 ,7 ,36399 ,68999 ,159 ,7 
사당1동,109993 ,220298 ,364 ,83 ,105985 ,211550 ,370 ,62 ,104341 ,203274 ,370 ,62 
사당2동,23404 ,54088 ,92 ,13 ,23673 ,52920 ,91 ,9 ,21076 ,46518 ,91 ,9 
사당3동,44789 ,98154 ,271 ,29 ,50937 ,109309 ,288 ,40 ,46380 ,101734 ,288 ,40 
사당4동,102609 ,161296 ,340 ,24 ,99908 ,156309 ,340 ,32 ,98238 ,153100 ,340 ,32 
사당5동,32590 ,55654 ,194 ,15 ,39993 ,68243 ,192 ,24 ,42229 ,68759 ,192 ,24 
대방동,33821 ,113279 ,251 ,65 ,33183 ,114119 ,250 ,71 ,34418 ,116537 ,250 ,71 
신대방1동,39251 ,120069 ,355 ,45 ,40679 ,122153 ,349 ,108 ,40297 ,120097 ,349 ,108 
신대방2동,50295 ,127046 ,210 ,161 ,51253 ,126352 ,207 ,215 ,48106 ,115739 ,207 ,215 
관악구,44674 ,78240 ,169 ,23 ,44950 ,77860 ,168 ,25 ,42961 ,74508 ,168 ,25 
보라매동,69267 ,141022 ,323 ,73 ,66107 ,139114 ,314 ,24 ,63093 ,131047 ,314 ,24 
청림동,87941 ,157523 ,573 ,24 ,93381 ,174208 ,532 ,101 ,102313 ,180735 ,532 ,101 
성현동,97047 ,203099 ,474 ,25 ,93408 ,205728 ,543 ,105 ,82326 ,185994 ,543 ,105 
행운동,108965 ,189705 ,405 ,49 ,105133 ,177608 ,396 ,58 ,100762 ,166560 ,396 ,58 
낙성대동,23509 ,45525 ,69 ,54 ,21894 ,43136 ,68 ,44 ,21493 ,41179 ,68 ,44 
청룡동,87951 ,140196 ,240 ,68 ,97882 ,143701 ,243 ,56 ,92547 ,140291 ,243 ,56 
은천동,115223 ,189518 ,477 ,48 ,112483 ,182132 ,465 ,63 ,113167 ,186127 ,465 ,63 
중앙동,133166 ,203808 ,397 ,54 ,169251 ,249746 ,394 ,37 ,150314 ,227518 ,394 ,37 
인헌동,84528 ,153259 ,381 ,34 ,93718 ,165067 ,369 ,48 ,89955 ,162118 ,369 ,48 
남현동,16756 ,27253 ,45 ,12 ,17143 ,27615 ,45 ,9 ,16117 ,25849 ,45 ,9 
서원동,95138 ,202344 ,356 ,57 ,86669 ,189849 ,356 ,45 ,81971 ,170171 ,356 ,45 
신원동,118852 ,144602 ,342 ,18 ,125728 ,155088 ,333 ,18 ,117408 ,145042 ,333 ,18 
서림동,51248 ,95316 ,247 ,17 ,53542 ,99510 ,259 ,18 ,50655 ,92321 ,259 ,18 
신사동,120120 ,182120 ,379 ,35 ,118502 ,181848 ,374 ,69 ,113524 ,172470 ,374 ,69 
신림동,167718 ,286838 ,420 ,53 ,155616 ,260805 ,426 ,38 ,148497 ,247648 ,426 ,38 
난향동,18460 ,59447 ,211 ,14 ,18575 ,60025 ,207 ,17 ,18288 ,59752 ,207 ,17 
조원동,98637 ,213222 ,270 ,61 ,92306 ,196790 ,266 ,50 ,96063 ,208368 ,266 ,50 
대학동,9920 ,17286 ,29 ,3 ,9244 ,15724 ,30 ,4 ,8793 ,14862 ,30 ,4 
삼성동,19272 ,32823 ,107 ,5 ,20413 ,34963 ,97 ,7 ,19211 ,33168 ,97 ,7 
미성동,45377 ,81228 ,236 ,23 ,45922 ,82572 ,235 ,27 ,43436 ,78630 ,235 ,27 
난곡동,69563 ,95037 ,294 ,12 ,68174 ,93561 ,286 ,15 ,65550 ,90938 ,286 ,15 
서초구,20869 ,53657 ,91 ,106 ,20415 ,51913 ,89 ,121 ,19773 ,49977 ,89 ,121 
서초1동,57764 ,117816 ,154 ,287 ,53487 ,109652 ,154 ,343 ,50679 ,102666 ,154 ,343 
서초2동,59667 ,152215 ,145 ,484 ,56400 ,140903 ,150 ,552 ,57184 ,137735 ,150 ,552 
서초3동,39986 ,95473 ,104 ,262 ,38417 ,92432 ,100 ,225 ,38138 ,90281 ,100 ,225 
서초4동,74745 ,251586 ,355 ,303 ,72827 ,241970 ,352 ,425 ,65993 ,219825 ,352 ,425 
잠원동,35902 ,88245 ,185 ,110 ,35312 ,87402 ,183 ,89 ,31858 ,77361 ,183 ,89 
반포본동,6028 ,29047 ,84 ,11 ,6060 ,29890 ,81 ,164 ,5868 ,28794 ,81 ,164 
반포1동,67934 ,163589 ,296 ,86 ,71240 ,169267 ,305 ,73 ,63709 ,152619 ,305 ,73 
반포2동,14355 ,54810 ,144 ,16 ,12866 ,50137 ,129 ,78 ,14482 ,51828 ,129 ,78 
반포3동,20010 ,60743 ,147 ,61 ,18764 ,58272 ,139 ,65 ,18757 ,57607 ,139 ,65 
반포4동,41080 ,147371 ,138 ,236 ,40785 ,132774 ,138 ,668 ,41429 ,131223 ,138 ,668 
방배본동,85856 ,191733 ,325 ,122 ,84784 ,185431 ,323 ,430 ,79651 ,173377 ,323 ,430 
방배1동,65262 ,142338 ,252 ,162 ,64861 ,139471 ,251 ,275 ,63212 ,135811 ,251 ,275 
방배2동,29405 ,61790 ,125 ,84 ,28503 ,58091 ,109 ,88 ,25701 ,53532 ,109 ,88 
방배3동,18008 ,40850 ,91 ,40 ,16667 ,37818 ,92 ,74 ,17572 ,40813 ,92 ,74 
방배4동,72060 ,128655 ,254 ,130 ,76514 ,132982 ,249 ,229 ,73864 ,131090 ,249 ,229 
양재1동,13300 ,34038 ,81 ,67 ,13243 ,33905 ,80 ,58 ,13462 ,34081 ,80 ,58 
양재2동,7999 ,19314 ,32 ,163 ,7819 ,19211 ,30 ,58 ,7756 ,19022 ,30 ,58 
내곡동,232 ,5045 ,14 ,5 ,214 ,5201 ,14 ,11 ,203 ,5138 ,14 ,11 
강남구,35461 ,95159 ,142 ,214 ,36380 ,97048 ,142 ,293 ,34420 ,91525 ,142 ,293 
신사동,39269 ,95503 ,101 ,180 ,37832 ,92109 ,100 ,161 ,35906 ,87132 ,100 ,161 
논현1동,81159 ,178128 ,188 ,349 ,85100 ,185794 ,184 ,331 ,76363 ,163347 ,184 ,331 
논현2동,78308 ,155502 ,150 ,464 ,83916 ,160991 ,149 ,383 ,81043 ,154622 ,149 ,383 
압구정동,30989 ,82804 ,111 ,141 ,30533 ,80024 ,109 ,176 ,27585 ,73355 ,109 ,176 
청담동,39295 ,83010 ,126 ,190 ,39233 ,82853 ,125 ,240 ,39893 ,80745 ,125 ,240 
삼성1동,26014 ,101954 ,78 ,494 ,22762 ,87924 ,76 ,676 ,19891 ,79233 ,76 ,676 
삼성2동,69641 ,154177 ,242 ,457 ,75837 ,166334 ,242 ,498 ,70121 ,152830 ,242 ,498 
대치1동,54961 ,149854 ,321 ,48 ,59091 ,171657 ,318 ,252 ,55941 ,160513 ,318 ,252 
대치2동,31062 ,123160 ,198 ,315 ,29803 ,119695 ,188 ,452 ,26844 ,110751 ,188 ,452 
대치4동,127747 ,245932 ,294 ,389 ,129136 ,246231 ,287 ,464 ,132129 ,256174 ,287 ,464 
역삼1동,77977 ,235176 ,152 ,817 ,76934 ,230067 ,153 ,724 ,68492 ,204481 ,153 ,724 
역삼2동,89323 ,224643 ,323 ,448 ,98456 ,245733 ,322 ,454 ,92763 ,232138 ,322 ,454 
도곡1동,47727 ,127940 ,213 ,140 ,48536 ,131771 ,213 ,400 ,44095 ,119434 ,213 ,400 
도곡2동,41007 ,135048 ,330 ,300 ,43726 ,138482 ,335 ,1878 ,43774 ,144385 ,335 ,1878 
개포1동,7318 ,27140 ,91 ,7 ,7666 ,26882 ,71 ,157 ,11740 ,37689 ,71 ,157 
개포2동,6719 ,23515 ,58 ,12 ,11043 ,37535 ,91 ,53 ,10306 ,34980 ,91 ,53 
개포4동,26694 ,53144 ,120 ,64 ,25195 ,51235 ,117 ,56 ,25962 ,49265 ,117 ,56 
세곡동,4700 ,25317 ,76 ,9 ,5185 ,28481 ,76 ,3 ,5124 ,27995 ,76 ,3 
일원본동,12995 ,38393 ,105 ,34 ,13560 ,39442 ,102 ,154 ,13142 ,40319 ,102 ,154 
일원1동,39230 ,80425 ,181 ,38 ,37076 ,81220 ,172 ,27 ,36983 ,78357 ,172 ,27 
일원2동,10209 ,47072 ,148 ,131 ,9712 ,44912 ,173 ,54 ,9569 ,46220 ,173 ,54 
수서동,10811 ,43619 ,99 ,91 ,11633 ,43908 ,97 ,109 ,10095 ,39861 ,97 ,109 
송파구,37265 ,96346 ,198 ,95 ,37948 ,97001 ,201 ,119 ,36535 ,93411 ,201 ,119 
풍납1동,49941 ,68546 ,147 ,14 ,46367 ,64836 ,139 ,16 ,45221 ,62379 ,139 ,16 
풍납2동,32483 ,63839 ,123 ,70 ,33965 ,64797 ,122 ,118 ,33325 ,63368 ,122 ,118 
거여1동,74906 ,112939 ,241 ,65 ,70350 ,106399 ,256 ,75 ,67968 ,105584 ,256 ,75 
거여2동,87651 ,127549 ,332 ,46 ,83177 ,124425 ,325 ,58 ,101882 ,147735 ,325 ,58 
마천1동,64302 ,101317 ,369 ,21 ,70452 ,107452 ,359 ,19 ,70087 ,112275 ,359 ,19 
마천2동,50341 ,84068 ,245 ,35 ,55485 ,91309 ,241 ,28 ,52733 ,86685 ,241 ,28 
방이1동,70308 ,139018 ,283 ,112 ,67265 ,132941 ,282 ,157 ,68049 ,136330 ,282 ,157 
방이2동,96630 ,231332 ,328 ,192 ,97370 ,234900 ,334 ,326 ,91294 ,220004 ,334 ,326 
오륜동,1864 ,18001 ,61 ,15 ,1877 ,17758 ,60 ,80 ,1713 ,15945 ,60 ,80 
오금동,46171 ,101294 ,241 ,90 ,47247 ,107014 ,241 ,162 ,47679 ,105235 ,241 ,162 
송파1동,92425 ,209086 ,382 ,101 ,95019 ,212009 ,374 ,127 ,95179 ,213102 ,374 ,127 
송파2동,46444 ,130341 ,331 ,89 ,56145 ,146087 ,325 ,223 ,51061 ,146443 ,325 ,223 
석촌동,75390 ,159033 ,361 ,97 ,84550 ,181184 ,355 ,94 ,84986 ,182788 ,355 ,94 
삼전동,68885 ,149948 ,332 ,81 ,75785 ,158970 ,326 ,78 ,70380 ,151461 ,326 ,78 
가락본동,80348 ,173319 ,276 ,243 ,76087 ,167457 ,269 ,273 ,74661 ,163088 ,269 ,273 
가락1동,7296 ,57466 ,6 ,81 ,11429 ,79546 ,202 ,44 ,10209 ,75551 ,202 ,44 
가락2동,82682 ,158826 ,362 ,77 ,87254 ,163466 ,361 ,109 ,75425 ,146938 ,361 ,109 
문정1동,91118 ,183898 ,360 ,78 ,92605 ,184261 ,345 ,579 ,83486 ,171816 ,345 ,579 
문정2동,8781 ,67888 ,124 ,212 ,8611 ,66018 ,127 ,174 ,7965 ,61717 ,127 ,174 
장지동,55613 ,112385 ,266 ,65 ,56620 ,113292 ,253 ,52 ,56368 ,113294 ,253 ,52 
위례동,6657 ,42774 ,110 ,9 ,6217 ,40579 ,109 ,5 ,6383 ,43222 ,109 ,5 
잠실본동,70534 ,162120 ,254 ,122 ,70326 ,164418 ,255 ,83 ,63417 ,148554 ,255 ,83 
잠실2동,8925 ,44035 ,128 ,12 ,8553 ,45690 ,127 ,27 ,8478 ,45218 ,127 ,27 
잠실3동,25721 ,136150 ,241 ,35 ,24393 ,119608 ,238 ,145 ,19735 ,96854 ,238 ,145 
잠실4동,26631 ,120485 ,358 ,13 ,21766 ,107181 ,265 ,115 ,20879 ,103385 ,265 ,115 
잠실6동,21154 ,131417 ,117 ,630 ,19253 ,115376 ,123 ,333 ,18628 ,110174 ,123 ,333 
잠실7동,10547 ,47384 ,152 ,10 ,10901 ,48601 ,151 ,209 ,9970 ,46923 ,151 ,209 
강동구,44794 ,87089 ,168 ,41 ,46523 ,90200 ,164 ,29 ,43755 ,84345 ,164 ,29 
강일동,7845 ,32395 ,88 ,57 ,9125 ,36351 ,86 ,4 ,10696 ,40289 ,86 ,4 
상일동,10264 ,24530 ,62 ,22 ,12806 ,27709 ,59 ,20 ,21688 ,33914 ,59 ,20 
명일1동,93818 ,184338 ,353 ,55 ,93687 ,184916 ,343 ,67 ,105929 ,204940 ,343 ,67 
명일2동,23682 ,94282 ,197 ,29 ,21964 ,89136 ,192 ,31 ,21834 ,85481 ,192 ,31 
고덕1동,11100 ,36028 ,142 ,9 ,12146 ,39083 ,141 ,11 ,17640 ,58134 ,141 ,11 
고덕2동,5236 ,10746 ,32 ,7 ,6786 ,13673 ,29 ,8 ,12155 ,23415 ,29 ,8 
암사1동,143215 ,240383 ,506 ,35 ,148298 ,248239 ,492 ,53 ,119996 ,188997 ,492 ,53 
암사2동,10993 ,26995 ,63 ,11 ,11749 ,27440 ,61 ,11 ,9200 ,23854 ,61 ,11 
암사3동,6234 ,33369 ,102 ,7 ,6140 ,32282 ,101 ,17 ,8171 ,35952 ,101 ,17 
천호1동,200770 ,324262 ,433 ,39 ,249506 ,412323 ,419 ,37 ,141104 ,220746 ,419 ,37 
천호2동,61156 ,119648 ,192 ,42 ,64416 ,124430 ,191 ,21 ,58902 ,114161 ,191 ,21 
천호3동,164857 ,287960 ,491 ,72 ,155039 ,280503 ,480 ,49 ,148923 ,256788 ,480 ,49 
성내1동,103122 ,197195 ,317 ,292 ,102179 ,198476 ,311 ,259 ,98578 ,189752 ,311 ,259 
성내2동,170294 ,228999 ,400 ,59 ,157985 ,216536 ,391 ,37 ,158968 ,211466 ,391 ,37 
성내3동,133997 ,224665 ,371 ,106 ,131040 ,216003 ,368 ,72 ,126467 ,210510 ,368 ,72 
길동,95123 ,164471 ,298 ,69 ,93330 ,157150 ,289 ,60 ,94971 ,157469 ,289 ,60 
둔촌1동,11644 ,34022 ,3 ,3 ,12991 ,36634 ,3 ,17 ,12552 ,35485 ,3 ,17 
둔촌2동,46440 ,91468 ,178 ,46 ,49055 ,93874 ,174 ,31 ,41739 ,78054 ,174 ,31 
